,Topic,Time Queried,Title,Video IDs,Published At,Duration,View Count,Like Count,Dislike Count
0,Economics,2020-08-20 16:35:40.455163,üî¥Economics Non Stop  by Afreen Ma&#39;am (Timestamps in description),9oILKKRO82s,2020-05-06T12:30:13Z,PT11H55M,632176,33837,1017
1,Economics,2020-08-20 16:35:40.455170,"Economics gk in hindi | Economy Most Important Questions | Railway-D, NTPC, SSC, PCS, UPSC, CDS, GD",bbmtUeSV1vQ,2020-06-13T09:30:12Z,PT27M20S,39584,2481,77
2,Economics,2020-08-20 16:35:40.455172,"ECONOMICS MASTER CLASS 1 | RRB NTPC, SSC CGL, RRB GROUP D, UPSC PRE, STATE PCS, CDS, AFCAT, NDA |",p-YqQHGIOXQ,2019-04-30T07:33:26Z,PT7H38M5S,677490,25829,465
3,Economics,2020-08-20 16:35:40.455174,‡§™‡§Ç‡§ö‡§µ‡§∞‡•ç‡§∑‡•Ä‡§Ø ‡§Ø‡•ã‡§ú‡§®‡§æ‡§Ø‡•á‡§Ç Five year plans ||ECONOMICS &amp; Indian Economy For All Exams BY Abhishek Dhiman Sir,sAZenzdA1oM,2020-08-19T13:38:17Z,P0D,475,105,0
4,Economics,2020-08-20 16:35:40.455177,Introduction of economics hindi,sudPOYl9xww,2018-04-03T12:42:43Z,PT10M38S,45858,1238,65
5,Economics,2020-08-20 16:35:40.455179,Lec-1 || Basics of ECONOMICS || #ACCOUNT ASSISTANT II #JKSSB,wry_k7-0YDM,2020-05-04T12:44:26Z,PT25M19S,55569,3651,38
6,Economics,2020-08-20 16:35:40.455181,Economics for SSC CGL by Afreen Mam ‡§Ö‡§∞‡•ç‡§•‡§∂‡§æ‡§∏‡•ç‡§§‡•ç‡§∞ Lecture - 1 GS Special NEW BATCH Economics in Hindi,_Z8xKBjAe3U,2019-05-16T07:28:36Z,PT1H27M55S,1481602,65173,2486
7,Economics,2020-08-20 16:35:40.455182,"Most important economic gk Questions | Current affairs 2019 | Economics gk in hindi | Railway, SSC",xWAaasQe-oU,2019-07-12T03:37:05Z,PT16M57S,392123,14224,488
8,Economics,2020-08-20 16:35:40.455185,"Basics of Economics in Bengali for WBCS, WB PCS, WB SSC, WBGDRB &amp; other WB exams | #1",ZdW0p7LzayE,2019-07-09T15:28:48Z,PT20M21S,16879,885,28
9,Economics,2020-08-20 16:35:40.455187,Covid-19: Bill Gates predicts the end of the pandemic | The Economist,fwjt9EoWhcg,2020-08-19T12:10:32Z,PT8M23S,61869,1733,492
10,Economics,2020-08-20 16:35:40.455189,"‡§Æ‡•Å‡§¶‡•ç‡§∞‡§æ ‡§µ ‡§¨‡•à‡§Ç‡§ï‡§ø‡§Ç‡§ó | Part-1 | Economics | Special For RAS &amp; IAS, SI, HM | By R. Kumar Sir",LDSbKFQlfhE,2018-07-29T11:57:32Z,PT1H8M26S,335614,7412,291
11,Economics,2020-08-20 16:35:40.455190,B.A. Economics/ B.A. ‡§Ö‡§∞‡•ç‡§•‡§∂‡§æ‡§∏‡•ç‡§§‡•ç‡§∞ ‡§∏‡•á ‡§ï‡§∞‡§®‡§æ ‡§∏‡§π‡•Ä ‡§π‡•à ‡§Ø‡§æ ‡§®‡§π‡•Ä‡§Ç ‡§ú‡§∞‡•Å‡§∞ ‡§¶‡•á‡§ñ‡•á‡§Ç,12-R12YrEUo,2020-02-09T11:17:07Z,PT8M16S,26221,1093,60
12,Economics,2020-08-20 16:35:40.455192,Economics | ‡¶Ö‡¶∞‡ßç‡¶•‡¶®‡ßÄ‡¶§‡¶ø ‡¶∏‡¶Æ‡ßç‡¶™‡¶∞‡ßç‡¶ï‡ßá ‡¶ß‡¶æ‡¶∞‡¶®‡¶æ,wNastLhuXpk,2017-11-10T05:39:06Z,PT48M18S,158815,4307,128
13,Economics,2020-08-20 16:35:40.455194,KITE VICTERS Plus two Economics Class 04 (First Bell-‡¥´‡¥∏‡µç‡¥±‡µç‡¥±‡µç ‡¥¨‡µÜ‡¥≤‡µç‚Äç),EfvhZYd6mDY,2020-06-26T04:03:38Z,PT27M55S,131304,4436,216
14,Economics,2020-08-20 16:35:40.455196,"Class 01 || ‡§™‡§∞‡§ø‡§µ‡§∞‡•ç‡§§‡§® BATCH-01 || ECONOMICS || By Sachin Sir || ‡§Ö‡§∞‡•ç‡§•‡§∂‡§æ‡§∏‡•ç‡§§‡•ç‡§∞:‡§™‡§∞‡§ø‡§ö‡§Ø, ‡§™‡•ç‡§∞‡§ï‡§æ‡§∞,‡§ï‡•ç‡§∑‡•á‡§§‡•ç‡§∞",GO8YDu1DFgg,2020-04-01T07:06:27Z,PT2H49M50S,91475,7599,117
15,Economics,2020-08-20 16:35:40.455197,KITE VICTERS Plus two Economics Class 14 (First Bell-‡¥´‡¥∏‡µç‡¥±‡µç‡¥±‡µç ‡¥¨‡µÜ‡¥≤‡µç‚Äç),g-PMmUIfYxM,2020-08-20T03:05:36Z,PT27M36S,13267,630,103
16,Economics,2020-08-20 16:35:40.455199,KITE VICTERS Plus two Economics Class 13 (First Bell-‡¥´‡¥∏‡µç‡¥±‡µç‡¥±‡µç ‡¥¨‡µÜ‡¥≤‡µç‚Äç),Qb167KtKqPk,2020-08-17T03:32:06Z,PT26M5S,36484,1047,195
17,Economics,2020-08-20 16:35:40.455201,KITE VICTERS Plus two Economics Class 06 (First Bell-‡¥´‡¥∏‡µç‡¥±‡µç‡¥±‡µç ‡¥¨‡µÜ‡¥≤‡µç‚Äç),oYOQV_lFzQM,2020-07-06T04:02:29Z,PT28M19S,101713,2338,367
18,Economics,2020-08-20 16:35:40.455203,"INTRODUCTION TO MICRO ECONOMICS CHAPTER: 1, STD.: 12TH, ECONOMICS",v50wB-OwPTg,2015-04-21T08:53:05Z,PT46M10S,1130098,11562,845
19,Economics,2020-08-20 16:35:40.455205,How The Economic Machine Works by Ray Dalio,PHe0bXAIuk0,2013-09-22T18:07:47Z,PT31M,18487594,308477,8502
20,Economics,2020-08-20 16:35:40.455206,KITE VICTERS Plus two Economics Class 11 (First Bell-‡¥´‡¥∏‡µç‡¥±‡µç‡¥±‡µç ‡¥¨‡µÜ‡¥≤‡µç‚Äç),SoRLdn7M6Kw,2020-08-04T04:01:53Z,PT25M17S,45658,1363,243
21,Economics,2020-08-20 16:35:40.455208,KITE VICTERS Plus two Economics Class 12 (First Bell-‡¥´‡¥∏‡µç‡¥±‡µç‡¥±‡µç ‡¥¨‡µÜ‡¥≤‡µç‚Äç),hYNeO6UKb74,2020-08-06T03:03:02Z,PT26M36S,54325,1655,167
22,Economics,2020-08-20 16:35:40.455210,"Introduction to economics | Supply, demand, and market equilibrium | Economics | Khan Academy",8JYP_wU1JTU,2012-06-28T19:26:53Z,PT9M59S,1991926,4285,205
23,Economics,2020-08-20 16:35:40.455211,KITE VICTERS Plus two Economics Class 09 (First Bell-‡¥´‡¥∏‡µç‡¥±‡µç‡¥±‡µç ‡¥¨‡µÜ‡¥≤‡µç‚Äç),k7VkfRVeRQY,2020-07-27T04:01:33Z,PT26M2S,49115,1400,160
24,Economics,2020-08-20 16:35:40.455213,KITE VICTERS Plus two Economics Class 08 (First Bell-‡¥´‡¥∏‡µç‡¥±‡µç‡¥±‡µç ‡¥¨‡µÜ‡¥≤‡µç‚Äç),JfXNTdaJ7uw,2020-07-22T04:02:33Z,PT27M56S,62914,1541,186
25,Economics,2020-08-20 16:35:40.455215,DEVELOPMENT- FULL CHAPTER  || CLASS 10 ECONOMICS CHAPTER 1,rhrZLY96FOE,2020-07-01T14:45:10Z,PT49M56S,198943,8583,237
26,Economics,2020-08-20 16:35:40.455217,KITE VICTERS Plus two Economics Class 10 (First Bell-‡¥´‡¥∏‡µç‡¥±‡µç‡¥±‡µç ‡¥¨‡µÜ‡¥≤‡µç‚Äç),527_wN8HOtQ,2020-07-29T03:01:33Z,PT27M27S,49432,1272,151
27,Economics,2020-08-20 16:35:40.455219,How is the Stock Market at an All Time High?!?,5sPlNsESRs0,2020-08-13T13:29:54Z,PT17M24S,301423,10641,366
28,Economics,2020-08-20 16:35:40.455221,Economic Activities by Men and Women | People as Resource | Economics | Class 9,P9CGuzZ8_ek,2020-02-26T12:13:52Z,PT13M32S,54723,2069,75
29,Economics,2020-08-20 16:35:40.455222,Adam Smith: The Grandfather Of Economics,NqUSDi-mvqw,2020-07-02T13:05:46Z,PT17M10S,213211,9444,156
30,Economics,2020-08-20 16:35:40.455224,SECTORS OF INDIAN ECONOMY (FULL CHAPTER) || CLASS 10 ECONOMICS,X7x3AGvoqeM,2020-07-01T04:30:14Z,PT51M51S,112854,5686,152
31,Economics,2020-08-20 16:35:40.455226,KITE VICTERS Plus two Economics Class 07 (First Bell-‡¥´‡¥∏‡µç‡¥±‡µç‡¥±‡µç ‡¥¨‡µÜ‡¥≤‡µç‚Äç),WjZvwOICGQE,2020-07-16T04:02:44Z,PT25M7S,72820,1767,238
32,Economics,2020-08-20 16:35:40.455228,"Economics online class for Delhi government school students, Aug 11, 2020, 10:00 AM",sxtzD8JldWo,2020-08-11T05:19:02Z,PT45M,57714,1740,103
33,Economics,2020-08-20 16:35:40.455229,Introduction to microeconomics | PPC : production possibility curve | Economics | class 11 | part 4,0oQSRvCNqUc,2020-05-07T14:00:01Z,PT17M19S,88567,6477,81
34,Economics,2020-08-20 16:35:40.455231,KITE VICTERS Plus two Economics Class 02 (First Bell-‡¥´‡¥∏‡µç‡¥±‡µç‡¥±‡µç ‡¥¨‡µÜ‡¥≤‡µç‚Äç),3s-ri7zlPU8,2020-06-18T04:02:09Z,PT26M51S,141715,3752,289
35,Economics,2020-08-20 16:35:40.455233,How to prepare ECONOMICS for UPSC IAS exam | Civil Services | Dr. Vijay Agrawal | AFEIAS,sxl8V-qpVT0,2019-06-11T06:27:52Z,PT20M50S,151517,6625,138
36,Economics,2020-08-20 16:35:40.455235,üí• Subject Review: Economics ( ‡¶Ö‡¶∞‡ßç‡¶•‡¶®‡ßÄ‡¶§‡¶ø) ‡•§ ‡¶ï‡ßç‡¶Ø‡¶æ‡¶∞‡¶ø‡¶Ø‡¶º‡¶æ‡¶∞ ‡¶ó‡¶æ‡¶á‡¶° ‡¶≤‡¶æ‡¶á‡¶®‡•§ NEURON PLUS,5x6Dv2NYBvo,2018-11-25T14:58:15Z,PT7M18S,41321,1612,42
37,Economics,2020-08-20 16:35:40.455237,Elon Musk&#39;s Basic Economics,h97fXhDN5qE,2017-10-24T14:30:00Z,PT10M22S,5328562,122903,3508
38,Economics,2020-08-20 16:35:40.455239,"Economics online class for Delhi government school students, Aug 18, 2020, 10:00 AM",ISX7eKJkrQU,2020-08-18T05:21:08Z,PT47M16S,52511,1810,114
39,Economics,2020-08-20 16:35:40.455240,1. What is Economics? (‡¶Ö‡¶∞‡ßç‡¶•‡¶®‡ßÄ‡¶§‡¶ø ‡¶ï‡ßÄ?) [HSC],AWg25Gy5Hw4,2016-12-31T11:04:36Z,PT1M58S,112291,1969,48
40,Economics,2020-08-20 16:35:40.455242,Demand | Economics | class 11 | Part - 2,Y04B2RiLHPE,2020-06-11T16:30:08Z,PT15M44S,29043,1468,25
41,Economics,2020-08-20 16:35:40.455244,Farming in Palampur | The Story of Village Palampur | Economics | Class 9 | Magnet Brains,-o-9bHKfNSA,2020-02-24T11:41:21Z,PT21M24S,147333,4694,151
42,Economics,2020-08-20 16:35:40.455246,EPISODE 2 - Leakage and injection | Stock and flow | Macro economics | Class 12 Board exam |,yHIptbn3vEA,2020-06-11T11:30:13Z,PT14M14S,32327,2639,64
43,Economics,2020-08-20 16:35:40.455247,Economics,UQLQQsjJYTY,2018-08-13T18:39:01Z,PT3M31S,112468,1401,61
44,Economics,2020-08-20 16:35:40.455249,An economist walks into a bar | Robert Litan | TEDxKC,4SkoG9FWP4w,2014-08-28T19:12:29Z,PT15M32S,378796,4477,171
45,Economics,2020-08-20 16:35:40.455251,Thomas Sowell -- Basic Economics,bOMksnSaAJ4,2011-01-06T23:17:54Z,PT33M32S,791118,12556,415
46,Economics,2020-08-20 16:35:40.455253,"Current News Revision for ECONOMICS (February-April, 2020)",u0a5nqB6WyU,2020-06-30T18:30:12Z,PT1H10M7S,35449,1949,30
47,Economics,2020-08-20 16:35:40.455255,Prelims 2020 Strategy - Trend Analysis (Economics),8Ni-4jaBBiw,2020-07-10T14:30:11Z,PT27M24S,20051,1121,23
48,Economics,2020-08-20 16:35:40.455257,Intro to Economics: Crash Course Econ #1,3ez10ADR_gM,2015-07-08T22:34:19Z,PT12M9S,4869122,62956,2707
49,Economics,2020-08-20 16:35:40.455258,The 5 Best Books For Learning Economics,2LizBBpmysY,2020-04-06T12:51:14Z,PT12M13S,13090,566,13
50,Economics,2020-08-20 16:35:42.147848,Micro Economics - 1: Part 1/2 (Kannada Medium) A Simple Economy || By  Vishnumoorthy Mayya,m-3U83XjjPI,2020-05-27T06:30:13Z,PT35M55S,257271,-1,-1
51,Economics,2020-08-20 16:35:42.147873,Development - ep02 - BKP | Class 10 NCERT economics chapter 1 in hindi | summary / explanation CBSE,0QWcnhKTG7s,2018-04-28T21:15:02Z,PT5M25S,1208634,26540,706
52,Economics,2020-08-20 16:35:42.147879,The Next Economic Crisis Has Started: The Secret Stock Market Bubble,yGpUFcX01dI,2020-07-20T16:30:02Z,PT9M42S,234212,7609,207
53,Economics,2020-08-20 16:35:42.147885,‡§Ü‡§∞‡•ç‡§•‡§ø‡§ï ‡§∏‡•Å‡§ß‡§æ‡§∞‡§£‡§æ l Economic Reform l Economics l MPSC 2020/2021 l Sachitanand Limbalkar,BEE6bi_r-JA,2020-08-20T03:39:11Z,PT1H40M5S,128,12,0
54,Economics,2020-08-20 16:35:42.147890,The Economics of Andrew Yang,M3uVBspcZUc,2019-10-19T14:38:30Z,PT7M15S,392461,21972,685
55,Economics,2020-08-20 16:35:42.147896,Sectors of The Indian Economy - ep01 - BKP | Class 10 Economics NCERT chapter 2 explanation in hindi,BeHheCX2ky0,2018-05-17T13:30:01Z,PT3M32S,1035442,22862,590
56,Economics,2020-08-20 16:35:42.147902,Development - ep01 - BKP | Class 10 NCERT economics chapter 1 in hindi | summary / explanation CBSE,udrPG2BYP0o,2018-04-29T05:31:52Z,PT4M26S,1911784,62465,1572
57,Economics,2020-08-20 16:35:42.147907,6 Biggest Lies About Majoring in Economics,_qUbSBog_rw,2020-02-04T13:49:02Z,PT10M56S,59612,2174,46
58,Economics,2020-08-20 16:35:42.147917,Indian Economic Service Salary &amp; Post | IES vs IAS ‡§Æ‡•à‡§Ç ‡§ï‡•ç‡§Ø‡§æ ‡§Ö‡§Ç‡§§‡§∞ ‡§π‡•à? | By Aniket Aggarwal | UPSC CSE,B_uEQSbfAsg,2020-06-08T04:30:11Z,PT26M39S,10894,426,14
59,Economics,2020-08-20 16:35:42.147923,The Economic Impact of Coronavirus on Football,rfM4UdPhVDU,2020-03-23T06:30:03Z,PT6M33S,88554,2798,29
60,Economics,2020-08-20 16:35:42.147928,1.Economics ‡§™‡•ù‡§®‡§æ ‡§∂‡•Å‡§∞‡•Ç ‡§ï‡§π‡§æ‡§Å ‡§∏‡•á ‡§ï‡§∞‡•á‡§Ç | Basic concept of Economics | Economics in hindi | Study91,0GZKmBmlz5s,2019-09-11T15:30:11Z,PT58M,136154,7316,176
61,Economics,2020-08-20 16:35:42.147934,"Abhijit Banerjee, Esther Duflo receiving the Nobel Prize in Economics 2019",ntA-28Ov7XU,2019-12-11T08:23:40Z,PT2M21S,325239,12752,132
62,Economics,2020-08-20 16:35:42.147939,Introduction to Class 11 Syllabus | Accountancy | business studies | Economics üî• üî• üî•,scTFfEjgFrg,2020-04-02T15:30:12Z,PT7M54S,121715,8519,168
63,Economics,2020-08-20 16:35:42.147944,2020 The Economist Kapak Yorumlarƒ±na SON Nokta,2hd67htvYtI,2019-12-13T15:10:38Z,PT39M16S,1505641,27624,1144
64,Economics,2020-08-20 16:35:42.147950,Development L1 | CBSE Class 10 Economics Chapter 1 NCERT Solutions |SST Umang Vedantu Class 9 and 10,05Zp9AK1PhA,2020-07-03T15:00:09Z,PT10M15S,112940,4794,205
65,Economics,2020-08-20 16:35:42.147955,Covid-19: what will happen to the global economy? | The Economist,pnKsrKuUfBc,2020-07-03T14:00:29Z,PT10M6S,857262,10370,595
66,Economics,2020-08-20 16:35:42.147961,Economist who predicted last financial crisis warns of coming &#39;Greater Depression&#39;,L1DXjGBbQsY,2020-05-06T21:23:38Z,PT9M5S,581152,5824,424
67,Economics,2020-08-20 16:35:42.147967,Professor Richard Wolff: Coming Economic Crash Will be WORSE Than Great Depression,14zbZvXogoM,2020-07-15T14:44:22Z,PT12M32S,686871,18425,1440
68,Economics,2020-08-20 16:35:42.147972,I Hate Economics | Dil Chahta Hai | Aamir Khan | Saif Ali Khan | Akshay Khanna | Farhan Akhtar,MECFZMI4f5s,2020-04-07T05:32:01Z,PT2M42S,299033,4539,126
69,Economics,2020-08-20 16:35:42.147977,People as Resource - Introduction  | Economics | Class 9 | Magnet Brains,uCisz4yL9Ms,2020-02-26T11:41:01Z,PT13M14S,133944,4734,190
70,Economics,2020-08-20 16:35:42.147983,How to get migration right | The Economist,q2ZRT0TmVB0,2019-11-27T18:13:39Z,PT10M47S,180670,5287,676
71,Economics,2020-08-20 16:35:42.147988,Black Market Economics - What Drives the Underground Economy?,wDzZD_YF_Wk,2020-07-23T13:24:41Z,PT16M28S,246554,10880,153
72,Economics,2020-08-20 16:35:42.147998,Difference Between Micro and Macro Economics with Comparison Chart,tElGYqXQq6o,2018-08-30T08:44:02Z,PT5M16S,207519,3723,266
73,Economics,2020-08-20 16:35:42.148003,Money and Credit - ep03 - BKP | Class 10 economics chapter 3 explanation and notes in english,AAq0ytfINmQ,2018-06-26T14:29:12Z,PT5M45S,606471,12415,262
74,Economics,2020-08-20 16:35:42.148009,The Economics of Foreign Exchange,ig_EO805rpA,2019-10-24T12:06:55Z,PT14M36S,478625,13778,317
75,Economics,2020-08-20 16:35:42.148014,The Economics of Stimulus Packages,I2tuh_Pfknk,2020-05-10T14:24:31Z,PT16M13S,249579,8941,361
76,Economics,2020-08-20 16:35:42.148020,The Economics of Real Estate,f4o9aPFI3I0,2020-05-03T13:58:04Z,PT18M13S,544674,15957,349
77,Economics,2020-08-20 16:35:42.148025,How to Compare Different Countries or States | Development | Economics | Class 10th,kBbl4q8V5ts,2019-07-29T05:00:12Z,PT11M51S,128525,3269,109
78,Economics,2020-08-20 16:35:42.148030,The economic fallout of coronavirus,4fK_ZEMrtw4,2020-03-22T14:56:01Z,PT8M9S,201789,1861,94
79,Economics,2020-08-20 16:35:42.148035,The Biggest Wealth Transfer in History is Upon Us - Here is What it Means,iNlBizfi-jM,2020-08-06T12:55:59Z,PT14M45S,549655,15248,410
80,Economics,2020-08-20 16:35:42.148041,Development L2 | CBSE Class 10 Economics Chapter 1 NCERT Solutions | Umang | Vedantu Class 9 &amp;10,9en3ONbJ_4k,2020-07-06T15:15:48Z,PT13M36S,52841,3225,80
81,Economics,2020-08-20 16:35:42.148046,Specialization and Trade: Crash Course Economics #2,NI9TLDIPVcs,2015-07-16T02:00:03Z,PT9M4S,2036686,28748,705
82,Economics,2020-08-20 16:35:42.148051,Supply and Demand: Crash Course Economics #4,g9aDizJpd_s,2015-08-14T13:44:24Z,PT10M22S,2233828,25421,913
83,Economics,2020-08-20 16:35:42.148058,Micro Economics Chapter-2: Part 9/9 (Kannada)Theory of Consumer Behaviour. By Vishnumurthy Mayya.M.,p0XjmKgdtnQ,2020-08-14T05:30:10Z,PT32M34S,31631,-1,-1
84,Economics,2020-08-20 16:35:42.148066,Stockmarket v economy: the impact of covid-19 | The Economist,0TImic4N1ko,2020-07-24T14:00:27Z,PT9M4S,720782,11871,466
85,Economics,2020-08-20 16:35:42.148076,The Economics Of The Art Market: Why This Painting Isn&#39;t Worth $450 Million,V5sOuET8UWA,2020-05-31T17:35:37Z,PT17M38S,263346,10367,222
86,Economics,2020-08-20 16:35:42.148095,What causes an economic recession? - Richard Coffin,SwaCg7Gwtzw,2019-10-15T15:00:26Z,PT5M5S,574998,15523,269
87,Economics,2020-08-20 16:35:42.148109,The Economics of CHAZ / CHOP: Anarchy at its Finest,i8l-UxhFew0,2020-07-01T20:15:01Z,PT12M56S,497325,35129,1537
88,Economics,2020-08-20 16:35:42.148125,CBSE: The Story of Village Palampur - L 1 | Economics | Unacademy Class 9 and 10 | Deepakshi Ma&#39;am,rxVVHZ781Ko,2020-06-05T13:30:12Z,PT30M47S,53565,1767,146
89,Economics,2020-08-20 16:35:42.148135,How the U.S. Economy Just Lost 33% of its Value,Im0rzTWplwU,2020-08-02T13:02:22Z,PT19M10S,976188,33727,1231
90,Economics,2020-08-20 16:35:42.148141,A Day in the Life of a Princeton Economic Student,PEydjzP-eX0,2019-12-04T23:55:48Z,PT11M51S,127464,3722,79
91,Economics,2020-08-20 16:35:42.148146,The Economics of Nuclear Energy,UC_BCz0pzMw,2020-06-06T14:00:07Z,PT16M11S,1016670,43264,1785
92,Economics,2020-08-20 16:35:42.148152,Why YOU should learn economics!,CE5eJbaHL8s,2018-08-28T04:00:19Z,PT4M53S,165829,1827,49
93,Economics,2020-08-20 16:35:42.148157,Covid-19: how bad will it be for the economy? | The Economist,wUUWoN4LKuE,2020-04-03T18:00:17Z,PT6M33S,962589,12451,381
94,Economics,2020-08-20 16:35:42.148162,Micro Unit 1 Summary- Basic Economic Concepts,2izx5W1FAEU,2016-01-07T13:47:22Z,PT29M37S,1299331,15367,345
95,Economics,2020-08-20 16:35:42.148167,Introduction Class 11 economics |  Chapter 1 in Hindi Micro | Central Problem of Economics,8eykEG7DOfM,2018-12-01T11:46:54Z,PT9M56S,489998,10319,444
96,Economics,2020-08-20 16:35:42.148173,Organisation of Production | The Story of Village Palampur | Economics | Class 9,ELBFibhv0Vg,2020-02-24T11:16:41Z,PT10M37S,153528,5232,137
97,Economics,2020-08-20 16:35:42.148178,The Economic Powerhouse of Singapore,aKuNk5ZRzLg,2019-11-17T14:17:10Z,PT10M4S,224232,7792,162
98,Economics,2020-08-20 16:35:42.148184,Basic concepts of macroeconomics | Economics |  class 12,DNbe7sCG5SM,2020-03-26T14:30:00Z,PT9M46S,171060,9486,103
99,Economics,2020-08-20 16:35:42.148189,Watch President Donald Trump&#39;s full speech at the Davos World Economic Forum,h2O3Z3IAkUc,2020-01-21T13:08:31Z,PT31M4S,172457,2817,371
100,Economics,2020-08-20 16:35:43.856270,Covid-19: why the economy could fare worse than you think | The Economist,f9v6givfTEA,2020-05-27T14:00:21Z,PT8M47S,1931178,25669,1388
101,Economics,2020-08-20 16:35:43.856297,There&#39;s A Crisis That Is Quietly Creating New Economic Superpowers...,h6GqEpmn_Fk,2020-04-11T17:45:02Z,PT12M37S,4060727,66396,6811
102,Economics,2020-08-20 16:35:43.856304,Economics: Three Kinds of Resources,uS8h97TPgTE,2019-09-24T22:38:49Z,PT9M37S,37683,500,161
103,Economics,2020-08-20 16:35:43.856310,"What is economic value, and who creates it? | Mariana Mazzucato",uXrCeiQxWyc,2020-01-10T16:44:17Z,PT18M56S,133118,3455,136
104,Economics,2020-08-20 16:35:43.856317,UK to suffer worst economic downturn of any developed nation warns leading forecaster- BBC News,eVB4AyBcV0k,2020-06-10T21:31:21Z,PT8M22S,132035,1525,204
105,Economics,2020-08-20 16:35:43.856324,Prepare Class 11 Economics in just 20 days. | Complete August Strategy | let&#39;s do this together üî•üî•,-93heMxUP84,2020-08-17T08:39:53Z,PT10M2S,13134,2112,21
106,Economics,2020-08-20 16:35:43.856340,üõë Bill Gates Predicts Worst Economic Crisis? üõë Microsoft And TikTok In The Stock Market,mHOE708MehQ,2020-08-19T21:44:14Z,PT13M26S,2857,167,21
107,Economics,2020-08-20 16:35:43.856348,Basic Economics - Thomas Sowell Audible Audio Edition,dQiBD-crrvA,2016-01-24T11:13:45Z,PT9H23M42S,541830,8893,314
108,Economics,2020-08-20 16:35:43.856354,Sectors of The Indian Economy - ep02 - BKP | Class 10 Economics NCERT chapter 2 explanation in hindi,Tu4OFAp3Ubo,2018-05-17T16:16:35Z,PT5M14S,878688,19617,467
109,Economics,2020-08-20 16:35:43.856361,People as Resource - ep01 - BKP | Class 9 economics chapter 2 full explanation in hindi NCERT CBSE,blSJd8btIF4,2018-06-26T05:46:09Z,PT3M58S,663001,17481,585
110,Economics,2020-08-20 16:35:43.856367,Economic Schools of Thought: Crash Course Economics #14,tZvjh1dxz08,2015-11-06T21:41:34Z,PT10M5S,1193110,18657,1488
111,Economics,2020-08-20 16:35:43.856373,EPISODE 13 - Money and banking  | Types of money | Macro economics | Class 12 Boards - new session,1qDaoUtDc9E,2020-07-27T11:30:48Z,PT21M40S,16047,1126,27
112,Economics,2020-08-20 16:35:43.856379,Economic Systems and Macroeconomics: Crash Course Economics #3,B43YEW2FvDs,2015-07-30T18:40:24Z,PT10M18S,2154168,24716,1025
113,Economics,2020-08-20 16:35:43.856385,What causes economic bubbles? - Prateek Singh,I5ZR0jMlxX0,2015-05-04T15:14:07Z,PT4M17S,616244,11380,190
114,Economics,2020-08-20 16:35:43.856392,Poverty as a Challenge - Introduction | Class 9 Economics,OzvxHSnnqXg,2020-02-27T12:58:51Z,PT7M56S,27941,1053,39
115,Economics,2020-08-20 16:35:43.856398,What is Economics?,2YULdjmg3o0,2012-07-14T23:54:35Z,PT2M55S,987065,6763,347
116,Economics,2020-08-20 16:35:43.856404,The Economics of China‚Äôs Enormous Belt &amp; Road Initiative,9ZgNwysabko,2020-05-14T13:54:36Z,PT17M37S,379609,13255,603
117,Economics,2020-08-20 16:35:43.856410,Full Chapter Revision Series | Development | Class 10 Economics | In Hindi | Magnet Brains,fTnX3oNQOSU,2020-02-05T15:00:12Z,PT37M30S,153406,5537,225
118,Economics,2020-08-20 16:35:43.856416,White House economic advisor on new report detailing coronavirus stimulus impact,cdjZVkbNveM,2020-08-18T13:33:11Z,PT5M55S,16787,210,33
119,Economics,2020-08-20 16:35:43.856422,Economic Hitman Makes a Confession About America‚Äôs Biggest Threat,aLc3ehhPIKA,2020-08-12T13:00:13Z,PT1H42M11S,336543,11004,431
120,Economics,2020-08-20 16:35:43.856428,LECTURE-1(12TH CLASS) || CHAPTER-1-ECONOMICS|| WHAT IS MACRO ECONOMICS || BOOK - T.R JAIN - 2020-21,AdlD-aGfVvQ,2020-05-05T17:16:03Z,PT28M29S,16676,726,18
121,Economics,2020-08-20 16:35:43.856434,How economists make predictions | CNBC Reports,4uMSeVE40R8,2019-11-14T22:00:00Z,PT6M31S,112157,2875,60
122,Economics,2020-08-20 16:35:43.856440,The Economics of the Yakuza (Mini Documentary),Rd0sdZySwzw,2020-07-21T17:15:03Z,PT18M53S,209211,11603,162
123,Economics,2020-08-20 16:35:43.856447,How bad is the crisis in democracy? | The Economist,PWt7naYTiik,2019-09-26T15:59:55Z,PT27M29S,132044,3661,162
124,Economics,2020-08-20 16:35:43.856453,Money and Credit Sprint SST | Full Chapter | CBSE Class 10 Economics Chapter 3 | NCERT | Vedantu,Ws5QpLEw1XU,2019-12-20T15:30:10Z,PT25M15S,140152,3607,221
125,Economics,2020-08-20 16:35:43.856459,How is Land Distributed Between the Farmers of Palampur | Economics | Class 9 | Magnet Brains,IQMscEj5gH4,2020-02-24T12:07:43Z,PT6M28S,65321,1996,69
126,Economics,2020-08-20 16:35:43.856471,What is Economics?,9ZqkecHnFpc,2020-01-24T21:30:16Z,PT6M18S,18262,287,48
127,Economics,2020-08-20 16:35:43.856478,Economic Survey 2019-2020 | Detailed Explanation of Key Highlights and Policies | Volume - 1,10HvNhyhU-Y,2020-02-01T14:14:30Z,PT2H24M31S,73080,2547,71
128,Economics,2020-08-20 16:35:43.856484,The Economics of Airline Class,BzB5xtGGsTc,2017-03-14T15:30:00Z,PT11M38S,8908462,120125,3784
129,Economics,2020-08-20 16:35:43.856490,3.Economic Growth and Economic Development | ‡§Ü‡§∞‡•ç‡§•‡§ø‡§ï ‡§∏‡§Ç‡§µ‡•É‡§¶‡•ç‡§ß‡§ø | ‡§Ü‡§∞‡•ç‡§•‡§ø‡§ï ‡§µ‡§ø‡§ï‡§æ‡§∏ | Economics in hindi |,vFD_WjxGlR8,2019-09-13T15:30:10Z,PT46M53S,59736,3348,72
130,Economics,2020-08-20 16:35:43.856496,The Economics of Donald Trump,g9ffSJHEe0A,2019-11-03T13:06:02Z,PT12M38S,441184,16722,747
131,Economics,2020-08-20 16:35:43.856502,Covid-19: how it will change the world | The Economist,XsArdIXgRTU,2020-05-08T15:00:18Z,PT12M58S,593126,7011,469
132,Economics,2020-08-20 16:35:43.856508,Globalisation and The Indian Economy - ep01 - BKP | CBSE Class 10 economics in hindi,v9qnUWD4aZc,2018-10-23T13:45:00Z,PT7M50S,1297969,28175,837
133,Economics,2020-08-20 16:35:43.856514,Covid 19 pandemic and economic performance of States - Report by Department of Economic Affairs,Bp_M07PVQZs,2020-08-19T11:12:55Z,PT12M41S,56102,3527,62
134,Economics,2020-08-20 16:35:43.856520,CSEET Economics &amp; Business Environment Marathon | CSEET Fast Track Revision,z4Yd34hDQWs,2020-08-07T16:07:08Z,PT10H37M11S,14261,812,17
135,Economics,2020-08-20 16:35:43.856527,"Five year plans in India, goals and objectives | Indian economic development",nn1t7VggM0I,2020-01-06T05:58:25Z,PT15M43S,108409,4997,82
136,Economics,2020-08-20 16:35:43.856534,The Economics of Healthcare: Crash Course Econ #29,cbBKoyjFLUY,2016-04-07T01:05:48Z,PT10M26S,744518,10566,514
137,Economics,2020-08-20 16:35:43.856540,Steve Bannon debate at The Economist #OpenFutures festival | The Economist,NAfm5L_DOLM,2018-09-15T19:17:41Z,PT35M8S,437283,4843,1107
138,Economics,2020-08-20 16:35:43.856546,"The Economic Ripple Effect of Retail Sales, Explained | WSJ",xwBPniHN0IY,2020-06-19T16:40:53Z,PT3M56S,112910,2044,71
139,Economics,2020-08-20 16:35:43.856552,Modern Monetary Theory: How it Could Answer All Of Our Economic Problems,N8HOWh8HPTo,2020-04-02T14:10:43Z,PT18M34S,507892,16555,1017
140,Economics,2020-08-20 16:35:43.856559,The true cost of fast fashion | The Economist,tLfNUD0-8ts,2018-11-29T17:01:43Z,PT6M51S,488633,11119,150
141,Economics,2020-08-20 16:35:43.856565,Is An Economics Degree Worth It?,8nkCKbc87b8,2020-06-04T19:45:00Z,PT10M5S,25724,1726,14
142,Economics,2020-08-20 16:35:43.856572,An Economics Degree Is Worth The Money... (Complete Economics Degree Review),dukBxkRg6kw,2020-08-09T18:00:12Z,PT12M26S,5938,370,9
143,Economics,2020-08-20 16:35:43.856578,"Coronavirus: Raghuram Rajan, economist, on the economic impact of Covid-19 - BBC HARDtalk",8Z3zdjKF7mo,2020-05-30T10:46:19Z,PT24M35S,149213,2266,174
144,Economics,2020-08-20 16:35:43.856584,The Economics of Brexit,NoYSCeHmaQw,2020-02-13T12:48:09Z,PT18M57S,481877,12500,1410
145,Economics,2020-08-20 16:35:43.856590,The Economist: &quot;Sƒ±radaki Felaketleri&quot; Yazdƒ±! Hamza Yardƒ±mcƒ±oƒülu,peF0aNF2NLI,2020-06-26T20:45:10Z,PT21M3S,333584,7924,503
146,Economics,2020-08-20 16:35:43.856596,Jim Rogers: BE WORRIED! - The biggest market crash and economic collapse in recorded history!,FdsVRJcn_xY,2020-08-15T14:15:02Z,PT5M59S,52921,1132,37
147,Economics,2020-08-20 16:35:43.856602,Economist Destroys China - Calls Coronavirus An Act of War,jsV_YXq-1x4,2020-04-10T14:13:40Z,PT1H32M33S,655435,21088,596
148,Economics,2020-08-20 16:35:43.856612,Could deepfakes weaken democracy? | The Economist,_m2dRDQEC1A,2019-10-22T15:59:48Z,PT5M50S,136014,2947,87
149,Economics,2020-08-20 16:35:43.856619,The Economic Failure of Venezuela,7_mThYXDr_s,2019-11-14T12:31:44Z,PT12M33S,588153,21073,766
150,Economics,2020-08-20 16:35:45.587688,Jim Rogers: BE WORRIED! - The biggest market crash and economic collapse in recorded history!,FdsVRJcn_xY,2020-08-15T14:15:02Z,PT5M59S,52921,1132,37
151,Economics,2020-08-20 16:35:45.587715,‡§Ü‡§∞‡•ç‡§•‡§ø‡§ï ‡§∏‡•Å‡§ß‡§æ‡§∞‡§£‡§æ l Economic Reform l Economics l MPSC 2020/2021 l Sachitanand Limbalkar,BEE6bi_r-JA,2020-08-20T03:39:11Z,PT1H40M5S,128,12,0
152,Economics,2020-08-20 16:35:45.587722,The true cost of fast fashion | The Economist,tLfNUD0-8ts,2018-11-29T17:01:43Z,PT6M51S,488633,11119,150
153,Economics,2020-08-20 16:35:45.587728,"The Economic Ripple Effect of Retail Sales, Explained | WSJ",xwBPniHN0IY,2020-06-19T16:40:53Z,PT3M56S,112910,2044,71
154,Economics,2020-08-20 16:35:45.587734,How To Fix an Economic Crisis,46XGS6S9qfM,2020-03-19T13:18:39Z,PT14M57S,307168,10503,190
155,Economics,2020-08-20 16:35:45.587741,Thomas Sowell on the Myths of Economic Inequality,mS5WYp5xmvI,2018-12-03T15:57:22Z,PT53M34S,2844358,59682,2162
156,Economics,2020-08-20 16:35:45.587747,The dirty secret of capitalism -- and a new way forward | Nick Hanauer,th3KE_H27bs,2019-10-18T20:34:36Z,PT17M4S,1210891,38985,3517
157,Economics,2020-08-20 16:35:45.587753,Income and Wealth Inequality: Crash Course Economics #17,0xMCWr0O3Hs,2015-12-06T20:36:25Z,PT10M16S,1128039,15276,2351
158,Economics,2020-08-20 16:35:45.587759,Poverty | Indian economic development | Class - 12.,WFha2lM84qA,2019-07-05T04:25:58Z,PT12M54S,93834,4414,98
159,Economics,2020-08-20 16:35:45.587766,Economist Destroys China - Calls Coronavirus An Act of War,jsV_YXq-1x4,2020-04-10T14:13:40Z,PT1H32M33S,655435,21088,596
160,Economics,2020-08-20 16:35:45.587772,Economic Lessons from Past Pandemics,F-IlpRl7EWw,2020-04-08T21:17:05Z,PT10M40S,127143,5003,98
161,Economics,2020-08-20 16:35:45.587778,What is Economics?,nWPrMmv1Tis,2013-02-23T08:52:24Z,PT1M33S,271847,1477,113
162,Economics,2020-08-20 16:35:45.587784,Paul Krugman Teaches Economics and Society | Official Trailer | MasterClass,JRhvnlQHKc0,2018-11-15T07:48:18Z,PT1M45S,27507324,1952,563
163,Economics,2020-08-20 16:35:45.587790,The Economist: &quot;Sƒ±radaki Felaketleri&quot; Yazdƒ±! Hamza Yardƒ±mcƒ±oƒülu,peF0aNF2NLI,2020-06-26T20:45:10Z,PT21M3S,333584,7924,503
164,Economics,2020-08-20 16:35:45.587796,The Economics of the Mafia,8MjDEuTuRD0,2020-05-20T20:15:00Z,PT15M54S,578389,27432,544
165,Economics,2020-08-20 16:35:45.587802,"Imports, Exports, and Exchange Rates: Crash Course Economics #15",geoe-6NBy10,2015-11-20T21:33:27Z,PT10M11S,1408547,17643,480
166,Economics,2020-08-20 16:35:45.587809,The Economics of Private Jets,jYPrH4xANpU,2019-07-16T17:23:45Z,PT9M49S,2785344,60949,1812
167,Economics,2020-08-20 16:35:45.587815,The Economic Failure of Venezuela,7_mThYXDr_s,2019-11-14T12:31:44Z,PT12M33S,588153,21073,766
168,Economics,2020-08-20 16:35:45.587821,Behavioral Economics: Crash Course Economics #27,dqxQ3E1bubI,2016-03-12T16:37:54Z,PT10M34S,578604,11256,175
169,Economics,2020-08-20 16:35:45.587827,GDP &amp; Comparing 3 Sectors Of Indian Economy | Economics | Class 10th | Magnet Brains,4DKaDv5SPp0,2019-08-01T11:39:19Z,PT21M51S,85121,3015,85
170,Economics,2020-08-20 16:35:45.587833,The Economics of K-Pop,-bbfFf07WNw,2019-11-08T16:00:00Z,PT10M41S,512051,20666,720
171,Economics,2020-08-20 16:35:45.587840,Could deepfakes weaken democracy? | The Economist,_m2dRDQEC1A,2019-10-22T15:59:48Z,PT5M50S,136014,2947,87
172,Economics,2020-08-20 16:35:45.587847,Steve Bannon debate at The Economist #OpenFutures festival | The Economist,NAfm5L_DOLM,2018-09-15T19:17:41Z,PT35M8S,437283,4843,1107
173,Economics,2020-08-20 16:35:45.587865,India: The Next Economic Superpower,P0O8jrbB6xg,2019-10-10T09:54:32Z,PT14M49S,495879,16949,828
174,Economics,2020-08-20 16:35:45.587873,The 2008 Financial Crisis: Crash Course Economics #12,GPOv72Awo68,2015-10-21T22:32:47Z,PT11M25S,2479758,37741,1417
175,Economics,2020-08-20 16:35:45.587880,The Economics of Immigration: Crash Course Econ #33,4XQXiCLzyAw,2016-05-18T22:54:44Z,PT11M21S,450673,8734,1906
176,Economics,2020-08-20 16:35:45.587886,Taxes: Crash Course Economics #31,7Qtr_vA3Prw,2016-04-27T23:46:02Z,PT12M29S,820020,10121,578
177,Economics,2020-08-20 16:35:45.587892,Honest Government Ad | Economic Recovery,7CMUtKWubxg,2020-06-05T01:04:35Z,PT4M,576576,41782,736
178,Economics,2020-08-20 16:35:45.587898,The Story Of Village Palampur L1 | CBSE Class 9 Economics Chapter 1 NCERT Solutions SST Vedantu,yK0mBPYc7NA,2020-08-17T15:00:11Z,PT25M16S,7993,447,35
179,Economics,2020-08-20 16:35:45.587905,Alphabet Economics: Why the Old Rules of Recoveries May Not Apply | WSJ,x-EVeDdH00A,2020-07-13T16:00:18Z,PT6M37S,91242,1822,79
180,Economics,2020-08-20 16:35:45.587911,The Economist&#39;ten Yeni Kehanetler De≈üifre; ƒ∞kinci ≈ûok Dalgasƒ±! 2020 Duvar Takvimi,XyqQGb_mtoM,2020-06-05T17:30:11Z,PT27M7S,268283,5054,587
181,Economics,2020-08-20 16:35:45.587917,Economics at Cambridge,3zCg7XemfJI,2020-06-04T14:15:10Z,PT3M59S,6748,245,4
182,Economics,2020-08-20 16:35:45.587923,Thinking Like An Economist- Macro/MicroTopic 1.1,deUqLLiu_CI,2019-07-26T09:10:21Z,PT7M23S,129434,2549,28
183,Economics,2020-08-20 16:35:45.587929,Introducing Economics: Basic Concepts,gsa92tiWZxQ,2011-11-20T18:25:23Z,PT14M55S,267406,1759,68
184,Economics,2020-08-20 16:35:45.587935,RSA ANIMATE: Economics is for Everyone!,NdbbcO35arw,2016-07-14T16:52:08Z,PT11M21S,278848,4228,73
185,Economics,2020-08-20 16:35:45.587941,"Coronavirus: Raghuram Rajan, economist, on the economic impact of Covid-19 - BBC HARDtalk",8Z3zdjKF7mo,2020-05-30T10:46:19Z,PT24M35S,149213,2266,174
186,Economics,2020-08-20 16:35:45.587948,Economic Hitman Makes a Confession About America‚Äôs Biggest Threat,aLc3ehhPIKA,2020-08-12T13:00:13Z,PT1H42M11S,336543,11004,431
187,Economics,2020-08-20 16:35:45.587954,Micro Economics - 1: Part 1/5  A Simple Economy || By Sadhana,anZ0JBwRLnY,2020-05-09T05:30:00Z,PT14M44S,113023,-1,-1
188,Economics,2020-08-20 16:35:45.587960,How dangerous is China&#39;s economic slowdown? |  DW News,LO9xHrdWRVQ,2019-07-15T16:45:00Z,PT5M28S,83897,754,70
189,Economics,2020-08-20 16:35:45.587966,Economics: The Austrian School vs. The Chicago School,s5Kx6-nyVkk,2018-11-18T00:03:57Z,PT18M42S,111042,4924,119
190,Economics,2020-08-20 16:35:45.587972,Economics Chapter-2: Part 3/3  Theory of consumer Behaviour || By Mrs Sadhana,Rb3TZMUYclA,2020-08-14T05:00:10Z,PT39M27S,37920,-1,-1
191,Economics,2020-08-20 16:35:45.587979,The Invisible Hand - 60 Second Adventures in Economics (1/6),ulyVXa-u4wE,2012-09-05T15:46:26Z,PT1M21S,648230,2315,101
192,Economics,2020-08-20 16:35:45.587985,How to prepare for the next global recession | The Economist,rD7KNVzkLPw,2018-10-20T12:19:45Z,PT3M18S,2018205,19683,2587
193,Economics,2020-08-20 16:35:45.587990,The Economics of Automation | What Does Our Machine Future Look Like?,Gc_nLK4ji_k,2019-07-17T17:04:52Z,PT15M2S,212106,7553,315
194,Economics,2020-08-20 16:35:45.587996,Coronavirus warning: economic damage worse than Great Depression - BBC News,siBLLsNfceU,2020-04-09T22:04:51Z,PT8M57S,311582,2235,241
195,Economics,2020-08-20 16:35:45.588002,Labor Markets and Minimum Wage: Crash Course Economics #28,mWwXmH-n5Bo,2016-03-27T20:16:08Z,PT10M38S,692633,9154,806
196,Economics,2020-08-20 16:35:45.588008,"We‚Äôre Experiencing an Economic Collapse NEVER Seen Before! Food Crisis, Bankruptcies, Dollar Falling",8A956p4q7Iw,2020-08-19T01:38:30Z,PT21M12S,40366,4645,75
197,Economics,2020-08-20 16:35:45.588015,China v America: who is in charge? | The Economist,roCoE94N7yc,2020-07-17T17:05:38Z,PT10M11S,683072,10592,1338
198,Economics,2020-08-20 16:35:45.588021,"Career in Economics. BA, MA, B.Com, M. Com in Economics. Career Setting",mV8xKU2a5so,2019-03-23T12:58:53Z,PT12M21S,137755,5005,140
199,Economics,2020-08-20 16:35:45.588027,An Economics Degree Is Worth The Money... (Complete Economics Degree Review),dukBxkRg6kw,2020-08-09T18:00:12Z,PT12M26S,5938,370,9
200,Economics,2020-08-20 16:35:47.090786,Professor Richard Wolff: The coming economic crash will be like NOTHING in history,5vCc20i2aco,2020-06-28T16:00:02Z,PT10M19S,602178,17386,822
201,Economics,2020-08-20 16:35:47.090852,Economic Lessons from Past Pandemics,F-IlpRl7EWw,2020-04-08T21:17:05Z,PT10M40S,127143,5003,98
202,Economics,2020-08-20 16:35:47.090863,Why is there still poverty in America? | The Economist,5i45h76ioHY,2019-10-01T17:36:07Z,PT10M7S,674483,13215,872
203,Economics,2020-08-20 16:35:47.090869,"Current News Revision for ECONOMICS (November, 2019- January, 2020)",3fx3oNx4D5U,2020-06-24T02:30:13Z,PT1H1M16S,27873,1418,18
204,Economics,2020-08-20 16:35:47.090876,Economics at Cambridge,3zCg7XemfJI,2020-06-04T14:15:10Z,PT3M59S,6748,245,4
205,Economics,2020-08-20 16:35:47.090883,Thinking Like An Economist- Macro/MicroTopic 1.1,deUqLLiu_CI,2019-07-26T09:10:21Z,PT7M23S,129434,2549,28
206,Economics,2020-08-20 16:35:47.090888,Sadhguru‚Äôs Amazing Debate On Basic Economics | Mystics Of India,jkTIlg8EWvo,2020-07-19T11:48:46Z,PT6M34S,245598,11065,196
207,Economics,2020-08-20 16:35:47.090894,The Economics of Automation | What Does Our Machine Future Look Like?,Gc_nLK4ji_k,2019-07-17T17:04:52Z,PT15M2S,212106,7553,315
208,Economics,2020-08-20 16:35:47.090900,Covid-19: what‚Äôs really going on in Russia? | The Economist,7tziw5i3vy8,2020-06-05T18:39:13Z,PT9M32S,886489,9966,1196
209,Economics,2020-08-20 16:35:47.090907,Can free-cash handouts help society? | The Economist,hz4NW0TKP0g,2019-02-13T17:01:44Z,PT5M36S,147225,2721,211
210,Economics,2020-08-20 16:35:47.090913,Economics Chapter-2: Part 3/3  Theory of consumer Behaviour || By Mrs Sadhana,Rb3TZMUYclA,2020-08-14T05:00:10Z,PT39M27S,37920,-1,-1
211,Economics,2020-08-20 16:35:47.090919,The Economic Impact Of Coronavirus Event Cancellations,1mfmdLQWURA,2020-03-19T17:19:31Z,PT12M25S,736654,6262,557
212,Economics,2020-08-20 16:35:47.090925,What can India do to beat an economic slowdown? - BBC News,liSBkc1j_bI,2019-08-19T13:11:47Z,PT24M27S,201779,2660,446
213,Economics,2020-08-20 16:35:47.090931,Economics: The Austrian School vs. The Chicago School,s5Kx6-nyVkk,2018-11-18T00:03:57Z,PT18M42S,111042,4924,119
214,Economics,2020-08-20 16:35:47.090937,How to fix the United Nations | The Economist Podcasts,l73yTLza95s,2020-06-26T18:04:16Z,PT13M41S,68043,1524,104
215,Economics,2020-08-20 16:35:47.090944,Sonraki Felaket - The Economist ≈ûifreleri 2020 Temmuz - Ertan √ñzyiƒüit,HDiAfiTZqVA,2020-07-29T16:15:47Z,PT40M46S,207827,7846,294
216,Economics,2020-08-20 16:35:47.090950,"Career in Economics. BA, MA, B.Com, M. Com in Economics. Career Setting",mV8xKU2a5so,2019-03-23T12:58:53Z,PT12M21S,137755,5005,140
217,Economics,2020-08-20 16:35:47.090956,Why China Will be the Big Winner of the 2020 Crisis,b07eafPe7pY,2020-04-16T14:50:42Z,PT16M38S,1287390,31942,2680
218,Economics,2020-08-20 16:35:47.090962,"Principles of economics, translated",VVp8UGjECt4,2007-02-26T01:53:45Z,PT5M21S,1327866,4662,171
219,Economics,2020-08-20 16:35:47.090968,Micro Economics - 1: Part 1/5  A Simple Economy || By Sadhana,anZ0JBwRLnY,2020-05-09T05:30:00Z,PT14M44S,113023,-1,-1
220,Economics,2020-08-20 16:35:47.090974,Top 5 Economics movies to watch |‡Æ§‡ÆÆ‡Æø‡Æ¥‡Øç| With English subtitles |,waI4DAYo9W8,2020-04-30T12:40:51Z,PT7M41S,1250,93,0
221,Economics,2020-08-20 16:35:47.090980,Roubini: Coronavirus economic damage is &#39;worse even than the Great Depression&#39;,lKh_DBNBsEE,2020-03-24T16:09:26Z,PT9M13S,168541,1824,128
222,Economics,2020-08-20 16:35:47.090987,The Bitter Economics of MLM,inPcztqj9RE,2019-09-19T09:13:34Z,PT12M28S,379172,9807,298
223,Economics,2020-08-20 16:35:47.090993,The Broken Economics of Organ Transplants,7C1fPocIFgU,2020-08-11T18:27:04Z,PT13M48S,399127,19723,626
224,Economics,2020-08-20 16:35:47.090999,Introducing Economics: Basic Concepts,gsa92tiWZxQ,2011-11-20T18:25:23Z,PT14M55S,267406,1759,68
225,Economics,2020-08-20 16:35:47.091005,London School of Economics - Youth and Truth [Full Talk],xBR9ZJrgpUE,2019-03-31T18:58:16Z,PT1H44M54S,610122,11446,452
226,Economics,2020-08-20 16:35:47.091011,The Invisible Hand - 60 Second Adventures in Economics (1/6),ulyVXa-u4wE,2012-09-05T15:46:26Z,PT1M21S,648230,2315,101
227,Economics,2020-08-20 16:35:47.091017,How economic inequality harms societies | Richard Wilkinson,cZ7LzE3u7Bw,2011-10-24T18:24:54Z,PT16M55S,800462,9202,537
228,Economics,2020-08-20 16:35:47.091024,Jeff Bezos At The Economic Club Of Washington (9/13/18),xv_vkA0jsyo,2018-09-14T02:03:21Z,PT1H9M58S,268645,3318,143
229,Economics,2020-08-20 16:35:47.091030,The Nature of Economics | Economics for People with Ha-Joon Chang,D-6rQmHpGfE,2019-12-11T06:12:46Z,PT12M21S,16666,581,7
230,Economics,2020-08-20 16:35:47.091035,"The U.S. is Suffering from Economic Martial Law -  David Stockman, Robert Kiyosaki, Kim Kiyosaki",3bDAyu35Iu8,2020-08-19T16:30:10Z,PT35M59S,23682,1311,41
231,Economics,2020-08-20 16:35:47.091041,"A healthy economy should be designed to thrive, not grow | Kate Raworth",Rhcrbcg8HBw,2018-06-04T23:02:34Z,PT15M54S,196896,6740,396
232,Economics,2020-08-20 16:35:47.091047,Economic Development: Last Week Tonight with John Oliver (HBO),8bl19RoR7lc,2017-11-06T07:30:00Z,PT14M56S,8787751,95920,4371
233,Economics,2020-08-20 16:35:47.091059,Understanding the Economic Shock of the Covid-19 Crisis,RK2IfGPSqO0,2020-05-21T16:15:01Z,PT4M18S,279295,5946,235
234,Economics,2020-08-20 16:35:47.091067,Fear the Boom and Bust: Keynes vs. Hayek - The Original Economics Rap Battle!,d0nERTFo-Sk,2010-01-24T06:36:41Z,PT7M33S,7255913,60702,1122
235,Economics,2020-08-20 16:35:47.091073,Economic Nightmare: Nearly 50 Percent Of All The Jobs Lost During 2020 Economic COLLAPSE!,LTj_uX-JZWE,2020-07-30T21:30:05Z,PT14M42S,33733,1738,30
236,Economics,2020-08-20 16:35:47.091080,What is Economics?,nWPrMmv1Tis,2013-02-23T08:52:24Z,PT1M33S,271847,1477,113
237,Economics,2020-08-20 16:35:47.091086,CLAT Prep Assistance: Current Affairs: Economics- Important Developments,54YQUXa8ZD0,2020-08-20T10:30:08Z,P0D,35,6,0
238,Economics,2020-08-20 16:35:47.091092,Labor Markets and Minimum Wage: Crash Course Economics #28,mWwXmH-n5Bo,2016-03-27T20:16:08Z,PT10M38S,692633,9154,806
239,Economics,2020-08-20 16:35:47.091098,Economic Update: The FED&#39;s Rigged Money Management,DvTlmJUOEuw,2020-08-10T12:03:28Z,PT29M36S,78096,4353,95
240,Economics,2020-08-20 16:35:47.091104,"Economist Blasts The Fed, Stimulus, Bitcoin &amp; Makes Bold Predictions",mzDKHi-wEoc,2020-05-12T13:45:10Z,PT2H16M50S,664215,16833,1276
241,Economics,2020-08-20 16:35:47.091110,Trump signs executive actions on economic impact of coronavirus,zwmIZOyxkck,2020-08-10T15:35:10Z,PT10M28S,59593,357,285
242,Economics,2020-08-20 16:35:47.091116,Sacred Economics with Charles Eisenstein - A Short Film,EEZkQv25uEs,2012-03-01T20:38:12Z,PT12M9S,914782,10290,215
243,Economics,2020-08-20 16:35:47.091122,The Economist‚Äôin makalesi ƒ±≈üƒ±ƒüƒ±nda T√ºrkiye ve G√ºlen Hareketi ezberleri,W5kTvbGHoLU,2020-08-18T10:10:04Z,PT12M56S,22555,1038,28
244,Economics,2020-08-20 16:35:47.091128,"ECONOMIC NIGHTMARE UPON US, VEGAS EVICTION STORM, HOTELS TAKE HOMELESS, STIMULUS CHECKS, DEBT MASK",CKQ9TnqE56s,2020-08-19T03:04:37Z,PT11M49S,33572,2531,52
245,Economics,2020-08-20 16:35:47.091134,The Economics of Uber,jzFTwBkIC5o,2018-07-13T15:00:05Z,PT9M42S,1714993,34649,1240
246,Economics,2020-08-20 16:35:47.091140,How The 2020 Economic Collapse Will Different From The 2008 Great Recession,ljtbHcF3L4M,2020-03-30T16:05:12Z,PT11M13S,63317,1844,77
247,Economics,2020-08-20 16:35:47.091146,How migration could make the world richer | The Economist,fjKYtfpe1a0,2019-11-29T17:59:50Z,PT10M8S,116496,3610,546
248,Economics,2020-08-20 16:35:47.091152,Indian economy on the eve of independence | indian economic development | class 12,M5VPLIVE5z8,2020-01-04T04:20:14Z,PT15M13S,269295,13516,199
249,Economics,2020-08-20 16:35:47.091158,How Africa could one day rival China | The Economist,p8fl-u1UMVA,2020-04-07T17:30:09Z,PT15M37S,676757,15133,1370
250,Economics,2020-08-20 16:35:49.075331,"The U.S. is Suffering from Economic Martial Law -  David Stockman, Robert Kiyosaki, Kim Kiyosaki",3bDAyu35Iu8,2020-08-19T16:30:10Z,PT35M59S,23682,1311,41
251,Economics,2020-08-20 16:35:49.075356,Film Theory: Black Panther&#39;s Economic CRISIS!,ByeyFfOHgQA,2018-02-20T20:06:48Z,PT17M38S,6402541,155083,14570
252,Economics,2020-08-20 16:35:49.075362,"Why 40,000 People Die for Every 1% Increase in Unemployment - The Big Short",_XgU6ZT1QDk,2020-07-26T12:30:03Z,PT12M6S,257123,10316,211
253,Economics,2020-08-20 16:35:49.075368,Sacred Economics with Charles Eisenstein - A Short Film,EEZkQv25uEs,2012-03-01T20:38:12Z,PT12M9S,914782,10290,215
254,Economics,2020-08-20 16:35:49.075374,97% Owned - Economic Truth documentary - How is Money Created,XcGh1Dex4Yo,2012-05-01T08:01:36Z,PT2H10M23S,3314584,25274,1438
255,Economics,2020-08-20 16:35:49.075381,1. Change the Goal - 1/7 Doughnut Economics,Mkg2XMTWV4g,2017-04-02T08:31:06Z,PT1M27S,170634,1183,18
256,Economics,2020-08-20 16:35:49.075387,Economics Chapter-2: Part 1/3  Theory of consumer Behaviour || By Mrs Sadhana,0H3Fw5pDdAk,2020-07-31T04:33:08Z,PT47M50S,106744,-1,-1
257,Economics,2020-08-20 16:35:49.075392,Special Economic Batch 2020 By Appa hatnure sir Lokseva Academy Pune,uNTQoD2saNI,2020-08-15T11:51:04Z,PT14M18S,5039,331,10
258,Economics,2020-08-20 16:35:49.075398,World Economic Outlook Presentation ‚Äì June 2020 Update,hpcJ3ObJk-8,2020-06-24T13:46:52Z,PT40M18S,12208,242,14
259,Economics,2020-08-20 16:35:49.075404,Do We Need to Work 40 Hours a Week?,rVAJC2FMyuY,2020-08-09T12:32:38Z,PT20M54S,245163,10013,254
260,Economics,2020-08-20 16:35:49.075409,The Economics That Made Boeing Build the 737 Max,BfNEOfEGe3I,2019-04-30T15:09:58Z,PT12M38S,2297864,46539,1491
261,Economics,2020-08-20 16:35:49.075415,Introduction to microeconomics | Economics | class 11 | chapter 1 | Part 3,u5FIrKizV6o,2020-04-30T12:30:15Z,PT7M45S,92936,4617,57
262,Economics,2020-08-20 16:35:49.075421,How to fix the United Nations | The Economist Podcasts,l73yTLza95s,2020-06-26T18:04:16Z,PT13M41S,68043,1524,104
263,Economics,2020-08-20 16:35:49.075426,"ECONOMIC NIGHTMARE UPON US, VEGAS EVICTION STORM, HOTELS TAKE HOMELESS, STIMULUS CHECKS, DEBT MASK",CKQ9TnqE56s,2020-08-19T03:04:37Z,PT11M49S,33572,2531,52
264,Economics,2020-08-20 16:35:49.075432,"Covid-19: your questions about coronavirus, answered | The Economist",Lf1TNwWDQNk,2020-03-24T19:30:05Z,PT17M9S,133720,2235,85
265,Economics,2020-08-20 16:35:49.075437,We Are Entering ‚ÄúThe Lost Decade‚Äù - The Economic Collapse of the 2020‚Äôs,r_68bKMqfMA,2020-06-20T19:54:13Z,PT9M21S,689679,14758,617
266,Economics,2020-08-20 16:35:49.075443,The Economist‚Äôin makalesi ƒ±≈üƒ±ƒüƒ±nda T√ºrkiye ve G√ºlen Hareketi ezberleri,W5kTvbGHoLU,2020-08-18T10:10:04Z,PT12M56S,22555,1038,28
267,Economics,2020-08-20 16:35:49.075449,Economic Policies and Administrative Structure of British Empire in India | UPSC CSE/IAS 2020 Hindi,s61qe55p5jE,2020-08-20T09:44:46Z,PT1H5M43S,1401,202,2
268,Economics,2020-08-20 16:35:49.075455,Economics Chapter- 3: Part 1/ 3 (Kannada)Production and Cost || By Vishnumoorthy Mayya M,gOnumQzipiE,2020-08-19T03:30:14Z,PT34M36S,38046,-1,-1
269,Economics,2020-08-20 16:35:49.075468,Economics Chapter-2: Part 2/9 (Kannada)Theory of Consumer Behaviour. By Vishnumurthy Mayya.M.,L2SJiN36cK4,2020-08-11T03:15:10Z,PT11M57S,63040,-1,-1
270,Economics,2020-08-20 16:35:49.075475,Coronavirus: the Economic Impact - BBC News,BrDc6KpW1uo,2020-02-26T08:01:21Z,PT11M5S,608843,4477,299
271,Economics,2020-08-20 16:35:49.075481,Here&#39;s what&#39;s in Joe Biden&#39;s new economic plan,A0qyiY7yUYg,2020-07-09T10:28:01Z,PT2M16S,131497,1156,2181
272,Economics,2020-08-20 16:35:49.075487,CBSE: Sectors of Indian Economy - L 1 | Economics | Unacademy Class 9 and 10 | Deepakshi Ma&#39;am,UI4yzeyLb3g,2020-07-28T14:09:42Z,PT35M15S,4076,208,7
273,Economics,2020-08-20 16:35:49.075492,"Economist Blasts The Fed, Stimulus, Bitcoin &amp; Makes Bold Predictions",mzDKHi-wEoc,2020-05-12T13:45:10Z,PT2H16M50S,664215,16833,1276
274,Economics,2020-08-20 16:35:49.075498,Economic Load Dispatch Part 01 | Power System Live | Genique Education,-BJiGT2btQg,2020-08-17T12:33:24Z,PT1H59M10S,9409,840,16
275,Economics,2020-08-20 16:35:49.075503,What can India do to beat an economic slowdown? - BBC News,liSBkc1j_bI,2019-08-19T13:11:47Z,PT24M27S,201779,2660,446
276,Economics,2020-08-20 16:35:49.075509,London School of Economics - Youth and Truth [Full Talk],xBR9ZJrgpUE,2019-03-31T18:58:16Z,PT1H44M54S,610122,11446,452
277,Economics,2020-08-20 16:35:49.075515,"Dubai stares at an economic collapse, pandemic leaves Dubai scrambling for money",WMzV-pD9iLA,2020-05-29T11:48:51Z,PT3M50S,1255431,8873,1183
278,Economics,2020-08-20 16:35:49.075520,Economic Update: The &quot;Great Debate&quot; That Wasn&#39;t,YQ2cuX8f6hc,2020-07-20T12:00:57Z,PT29M20S,49221,3101,33
279,Economics,2020-08-20 16:35:49.075526,"Covid-19: more questions about coronavirus, answered | The Economist",4oQ4ayKrIHk,2020-03-31T14:00:05Z,PT12M30S,88597,1467,61
280,Economics,2020-08-20 16:35:49.075531,2020 Economic Crash Predictions with Peter Schiff - EP3,7hJC-OZI6PA,2020-08-10T15:59:46Z,PT50M53S,65417,1780,51
281,Economics,2020-08-20 16:35:49.075537,Is big tech good for your health? | The Economist,YLseKw0Ic-8,2020-03-16T17:59:54Z,PT12M46S,74022,1216,40
282,Economics,2020-08-20 16:35:49.075542,Could Brexit end London&#39;s financial dominance? | The Economist,CL_BFJJnd80,2019-10-19T08:05:18Z,PT9M4S,538841,7807,534
283,Economics,2020-08-20 16:35:49.075548,Covid-19: why travel will never be the same | The Economist,PAs0gw1zIuQ,2020-07-10T14:34:31Z,PT7M47S,629188,7301,355
284,Economics,2020-08-20 16:35:49.075553,Sonraki Felaket - The Economist ≈ûifreleri 2020 Temmuz - Ertan √ñzyiƒüit,HDiAfiTZqVA,2020-07-29T16:15:47Z,PT40M46S,207827,7846,294
285,Economics,2020-08-20 16:35:49.075559,Biden unveils economic plan to spur American manufacturing,NbYdkVHh9W8,2020-07-10T02:39:36Z,PT23M43S,348657,5649,1791
286,Economics,2020-08-20 16:35:49.075564,Mission IAS 2021 | Economics By Ashirwad Sir | HYDROCARBON EXPLORATION LICENCE POLICY,Z6NBPmbdr8w,2020-08-19T06:45:00Z,PT57M25S,4102,859,8
287,Economics,2020-08-20 16:35:49.075570,INCRE√çBLE! THE ECONOMIST OTRA VEZ - GRAN TORMENTA SOLAR SE APROXIMA,4aHL-iFOU5o,2020-08-19T16:29:16Z,PT4M43S,52935,7586,70
288,Economics,2020-08-20 16:35:49.075576,The Worst Economic Collapse In History Is Starting Now: Be Prepared,nDFoF3izhGQ,2020-03-16T11:00:14Z,PT13M39S,3430734,62207,3701
289,Economics,2020-08-20 16:35:49.075582,Olympics 2020: are the rules for trans athletes fair? | The Economist,qrgJQI3O_RQ,2019-12-26T15:59:52Z,PT5M34S,594227,11036,1462
290,Economics,2020-08-20 16:35:49.075587,The new coronavirus: how should the world respond? | The Economist,2rLoPBPa2Z0,2020-03-20T19:32:37Z,PT10M57S,433271,7350,244
291,Economics,2020-08-20 16:35:49.075593,Open Session on Economic Survey 2019-20 | Part 1,Y0OUBidkgt4,2020-02-05T15:33:29Z,PT2H43M12S,311508,5936,145
292,Economics,2020-08-20 16:35:49.075598,How an obsession with home ownership can ruin the economy | The Economist,kkVEt5tC2xU,2020-01-22T17:12:04Z,PT12M50S,997038,19426,2608
293,Economics,2020-08-20 16:35:49.075604,Little Women (2019) - Marriage Is an Economic Proposition Scene (3/10) | Movieclips,0D8nRpJsQlk,2020-03-20T15:16:41Z,PT3M40S,513668,8663,102
294,Economics,2020-08-20 16:35:49.075609,What does a cashless future mean? | The Economist,-0ph-pvCSPc,2019-08-23T19:11:01Z,PT5M22S,558789,9778,625
295,Economics,2020-08-20 16:35:49.075614,Election 2020: what a Biden victory could mean for America | The Economist,9UdZzFVC6XU,2020-08-07T15:00:03Z,PT10M4S,869653,15568,6835
296,Economics,2020-08-20 16:35:49.075620,Big Plane vs Little Plane (The Economics of Long-Haul Flights),NlIdzF1_b5M,2016-10-11T14:30:00Z,PT10M8S,3758938,42210,1867
297,Economics,2020-08-20 16:35:49.075625,Covid-19: what the world has learned during lockdown | The Economist,HuFFAAIbzPQ,2020-05-05T17:30:01Z,PT12M20S,181828,2858,151
298,Economics,2020-08-20 16:35:49.075631,Covid-19: is working from home really the new normal? | The Economist,MxDVucUZCnc,2020-06-25T14:00:06Z,PT8M47S,495673,7427,187
299,Economics,2020-08-20 16:35:49.075636,"Zimbabwe: A giant facing economic collapse? - BBC HARDtalk, On the Road (2019)",whDZUhEgDwo,2020-04-23T08:27:22Z,PT24M27S,401621,2776,324
300,Economics,2020-08-20 16:35:50.921577,How an obsession with home ownership can ruin the economy | The Economist,kkVEt5tC2xU,2020-01-22T17:12:04Z,PT12M50S,997038,19426,2608
301,Economics,2020-08-20 16:35:50.921601,Covid-19: the right way to leave lockdown | The Economist,4Lm4pwFl_Ag,2020-04-28T17:00:02Z,PT8M18S,220338,3778,245
302,Economics,2020-08-20 16:35:50.921607,The Worst Economic Collapse In History Is Starting Now: Be Prepared,nDFoF3izhGQ,2020-03-16T11:00:14Z,PT13M39S,3430734,62207,3701
303,Economics,2020-08-20 16:35:50.921613,The economics of open source by C J Silverio | JSConf EU 2019,MO8hZlgK5zc,2019-06-03T13:30:15Z,PT37M43S,75281,-1,-1
304,Economics,2020-08-20 16:35:50.921618,Economics Chapter-2: Part 1/3  Theory of consumer Behaviour || By Mrs Sadhana,0H3Fw5pDdAk,2020-07-31T04:33:08Z,PT47M50S,106744,-1,-1
305,Economics,2020-08-20 16:35:50.921625,"Economist Blasts China, Mark Cuban &amp; Ted Cruz",HUrZuWiR8Os,2020-07-30T23:35:27Z,PT7M55S,74779,3666,257
306,Economics,2020-08-20 16:35:50.921630,The carbon cycle is key to understanding climate change | The Economist,yhlg9txl7yM,2020-06-19T14:00:33Z,PT7M44S,78166,2514,89
307,Economics,2020-08-20 16:35:50.921636,$1bn to save the ocean | The Economist,A1xrWKBu704,2020-06-08T14:00:06Z,PT12M12S,184800,5384,179
308,Economics,2020-08-20 16:35:50.921641,University: does a degree pay? | The Economist,uOouUYXB14E,2018-09-25T16:18:22Z,PT3M5S,80358,1470,129
309,Economics,2020-08-20 16:35:50.921656,CBSE: Sectors of Indian Economy - L 1 | Economics | Unacademy Class 9 and 10 | Deepakshi Ma&#39;am,UI4yzeyLb3g,2020-07-28T14:09:42Z,PT35M15S,4076,208,7
310,Economics,2020-08-20 16:35:50.921663,Economic Update: The &quot;Great Debate&quot; That Wasn&#39;t,YQ2cuX8f6hc,2020-07-20T12:00:57Z,PT29M20S,49221,3101,33
311,Economics,2020-08-20 16:35:50.921669,Experts Alarming About The Coming Economic Collapse! Here&#39;s Why Its Imminent,tQsTrvBo7Mw,2020-03-23T15:55:40Z,PT11M19S,98595,2820,114
312,Economics,2020-08-20 16:35:50.921674,"Why we should talk to strangers, according to Malcolm Gladwell | The Economist Podcast",lp6S3NgzxTE,2019-09-07T11:00:08Z,PT16M46S,251792,1995,241
313,Economics,2020-08-20 16:35:50.921679,La conspiraci√≥n tras &quot;The Economist&quot;: La revista que se &quot;adelanta&quot; a las cat√°strofes,bSU2betNOWE,2020-08-18T04:56:35Z,PT10M43S,15706,536,23
314,Economics,2020-08-20 16:35:50.921685,Charity: how effective is giving? | The Economist,QaN6ibm5r-I,2020-01-28T16:59:51Z,PT26M5S,280180,4698,245
315,Economics,2020-08-20 16:35:50.921690,üõë Bill Gates Predicts Worst Economic Crisis? üõë Microsoft And TikTok In The Stock Market,mHOE708MehQ,2020-08-19T21:44:14Z,PT13M26S,2857,167,21
316,Economics,2020-08-20 16:35:50.921696,Economist Stiglitz Sees `Major Structural Changes&#39; in Demand,S-MJd-Uo9Jo,2020-05-18T14:15:40Z,PT3M58S,24027,274,10
317,Economics,2020-08-20 16:35:50.921701,Lebanon&#39;s Economic Collapse Is Causing Even More Suffering Than Coronavirus,-7axnphYbMk,2020-07-09T15:09:13Z,PT4M47S,323249,5305,197
318,Economics,2020-08-20 16:35:50.921707,1982 Voodoo Economics - www.NBCUniversalArchives.com,o8hnM6xNjeU,2013-03-08T22:54:46Z,PT1M35S,23557,205,5
319,Economics,2020-08-20 16:35:50.921712,This Economic Crash Just Got Worse... Oil Company Bankruptcies and a Global Recession,TofnfM0_U4g,2020-04-11T11:30:04Z,PT13M39S,168505,10817,189
320,Economics,2020-08-20 16:35:50.921717,Prepare Class 11 Economics in just 20 days. | Complete August Strategy | let&#39;s do this together üî•üî•,-93heMxUP84,2020-08-17T08:39:53Z,PT10M2S,13134,2112,21
321,Economics,2020-08-20 16:35:50.921722,UPSI 2020 || Economic || By Naveen Sir || Class 01 ||  Tax,xDiDX7yVwOA,2020-08-18T14:27:30Z,PT1H47M51S,27418,3081,36
322,Economics,2020-08-20 16:35:50.921728,Fight of the Century: Keynes vs. Hayek - Economics Rap Battle Round Two,GTQnarzmTOc,2011-04-28T06:48:24Z,PT10M10S,4659060,52731,908
323,Economics,2020-08-20 16:35:50.921733,EL FUTURO DE LOS M√ÅS J√ìVENES SEG√öN THE ECONOMIST,qp5IwTAE2eE,2020-08-17T22:00:11Z,PT10M32S,59967,5280,99
324,Economics,2020-08-20 16:35:50.921738,Economic rebound is strong enough to keep upswing going: Economist,YiGr3eHMjnU,2020-08-18T21:42:21Z,PT3M7S,2245,21,6
325,Economics,2020-08-20 16:35:50.921743,Why politicians have failed to tackle climate change | The Economist,K7lzhYTg94s,2020-05-22T14:00:08Z,PT9M4S,90536,2498,259
326,Economics,2020-08-20 16:35:50.921749,The Economic Collapse of 2020 | What You MUST Know,Wvxyq77R9b0,2020-07-27T22:30:01Z,PT13M35S,347277,33828,884
327,Economics,2020-08-20 16:35:50.921754,"&#39;We&#39;re facing the worst economic recession of our lifetimes,&#39; says Eurasia Group&#39;s Ian Brenner",APWxRMqzAI4,2020-04-28T01:12:18Z,PT15M9S,220462,2331,396
328,Economics,2020-08-20 16:35:50.921760,The future of work: is your job safe? | The Economist,gUc5oN_ffRo,2019-01-16T17:04:02Z,PT19M3S,758530,9539,319
329,Economics,2020-08-20 16:35:50.921765,MIT economists Esther Duflo and Abhijit Banerjee win Nobel Prize (press conference),YBGrYxWbyhg,2019-10-14T22:35:00Z,PT52M32S,641653,15080,376
330,Economics,2020-08-20 16:35:50.921770,UPSI 2020 || Economic || By Naveen Sir || Class 02 ||  GST &amp; TAX CONCEPTS TEST,inXxnPMVZSw,2020-08-19T12:59:06Z,PT19M40S,6836,899,9
331,Economics,2020-08-20 16:35:50.921776,International Economics - Economic Integration,q2hIlVPw1RI,2016-10-20T01:36:08Z,PT2M30S,3603,32,0
332,Economics,2020-08-20 16:35:50.921782,Vaping: what people are getting wrong | The Economist,O4_l-klxqCQ,2020-02-07T19:38:05Z,PT12M54S,674024,16819,502
333,Economics,2020-08-20 16:35:50.921787,What Austrian Economics IS and What Austrian Economics Is NOT with Steve Horwitz,SLfnpwHu4Hw,2012-09-26T16:59:27Z,PT8M43S,128200,2715,94
334,Economics,2020-08-20 16:35:50.921792,‚ÄúWe Will Make Biden Do It‚Äù: Economist Darrick Hamilton on Pushing the Next Admin to the Left,WN2MIBTgw2o,2020-08-19T14:44:02Z,PT14M19S,22537,772,66
335,Economics,2020-08-20 16:35:50.921798,"After Night One, DNC To Focus On Biden&#39;s Bio And Economics | Morning Joe | MSNBC",1VR8KVdMj9M,2020-08-18T17:01:56Z,PT12M10S,220789,2800,144
336,Economics,2020-08-20 16:35:50.921803,Coronavirus outbreak: The economic impact explained,yFisxvUNfMs,2020-03-06T11:30:03Z,PT3M50S,179176,1216,70
337,Economics,2020-08-20 16:35:50.921809,Red Alert IMF Warns Of The Most Severe Economic Collapse !!,GLsVo_AHOzo,2020-06-29T23:32:21Z,PT10M46S,69581,2541,63
338,Economics,2020-08-20 16:35:50.921814,"No subestimar a China, Ultima portada de The Economist",ckjwm7CrpD0,2020-08-15T22:45:10Z,PT31M30S,15996,718,26
339,Economics,2020-08-20 16:35:50.921820,‡§Ü‡§∞‡•ç‡§•‡§ø‡§ï‡•Ä 2020 || Latest Economic Data of INDIA 2020 || ‡§∏‡§Æ‡•ç‡§™‡•Ç‡§∞‡•ç‡§£ ‡§Ü‡§∞‡•ç‡§•‡§ø‡§ï ‡§ò‡§ü‡§®‡§æ‡§ï‡•ç‡§∞‡§Æ 2020,jmJWsVO7hu8,2020-08-19T17:36:39Z,PT46M16S,10624,1286,10
340,Economics,2020-08-20 16:35:50.921825,Unemployment insurance extension has been keeping the economy afloat: Economist,0a4Iu0W5FBw,2020-08-18T19:55:23Z,PT5M12S,7746,66,17
341,Economics,2020-08-20 16:35:50.921830,How could veganism change the world? | The Economist,hwoL6hWd4l0,2018-11-27T18:58:53Z,PT6M30S,760143,30058,1730
342,Economics,2020-08-20 16:35:50.921835,Explained: Economic Survey (2019-20): Volume 1 (Part A),Hl2wbDqB2Js,2020-03-02T07:53:10Z,PT50M10S,2287840,28805,2738
343,Economics,2020-08-20 16:35:50.921840,Why is chicken so cheap? | The Economist,JiYVoHEV5hs,2019-03-28T17:51:44Z,PT6M24S,3023039,41958,2572
344,Economics,2020-08-20 16:35:50.921846,The Next Economic Crisis Has Started: The Secret Stock Market Bubble,yGpUFcX01dI,2020-07-20T16:30:02Z,PT9M42S,234212,7609,207
345,Economics,2020-08-20 16:35:50.921851,How modern families increase social inequality | The Economist,hSmAYUnZyxE,2019-11-18T16:35:20Z,PT18M36S,1034721,19150,3023
346,Economics,2020-08-20 16:35:50.921857,‚ÄòWe are witnessing the fastest economic recovery in US history‚Äô: Trump,F--grFpSAE8,2020-08-15T22:23:09Z,PT6M36S,18974,982,44
347,Economics,2020-08-20 16:35:50.921862,Economist Exposes China &amp; World Health Organization,c47KVyz0Gsg,2020-04-09T12:50:17Z,PT5M40S,955717,25468,1134
348,Economics,2020-08-20 16:35:50.921868,Chinese Data Whisperer Talks Economic Warfare,aLA0uYg8Xuc,2020-08-06T13:23:47Z,PT1H23M48S,33184,1154,41
349,Economics,2020-08-20 16:35:50.921873,What will be the biggest stories of 2020? | The Economist,59ZrMEjktsA,2019-12-27T14:59:47Z,PT18M23S,414994,6582,542
350,Economics,2020-08-20 16:35:52.306865,Why is chicken so cheap? | The Economist,JiYVoHEV5hs,2019-03-28T17:51:44Z,PT6M24S,3023039,41958,2572
351,Economics,2020-08-20 16:35:52.306891,How modern families increase social inequality | The Economist,hSmAYUnZyxE,2019-11-18T16:35:20Z,PT18M36S,1034721,19150,3023
352,Economics,2020-08-20 16:35:52.306898,‚ÄòWe are witnessing the fastest economic recovery in US history‚Äô: Trump,F--grFpSAE8,2020-08-15T22:23:09Z,PT6M36S,18974,982,44
353,Economics,2020-08-20 16:35:52.306905,Economist Exposes China &amp; World Health Organization,c47KVyz0Gsg,2020-04-09T12:50:17Z,PT5M40S,955717,25468,1134
354,Economics,2020-08-20 16:35:52.306923,Economics Karl Marx,mUtfwIfRmQU,2012-02-24T16:46:14Z,PT11M4S,6669,34,0
355,Economics,2020-08-20 16:35:52.306932,Chinese Data Whisperer Talks Economic Warfare,aLA0uYg8Xuc,2020-08-06T13:23:47Z,PT1H23M48S,33184,1154,41
356,Economics,2020-08-20 16:35:52.306938,What will be the biggest stories of 2020? | The Economist,59ZrMEjktsA,2019-12-27T14:59:47Z,PT18M23S,414994,6582,542
357,Economics,2020-08-20 16:35:52.306944,"America On The Road To Ruin! Long Term Economic Collapse, Worse Than The Great Depression !!",nki6SwGtNfc,2020-08-13T21:38:52Z,PT14M20S,32161,1701,33
358,Economics,2020-08-20 16:35:52.306950,"Yale&#39;s Shiller on Economic Fallout From Virus, Fed Policy and Housing",u7X75PGmFAA,2020-03-10T00:08:53Z,PT7M29S,61470,537,53
359,Economics,2020-08-20 16:35:52.306957,Let&#39;s open the economy and let it rip: National Economic Council Director Larry Kudlow,XuLJYpro3ZE,2020-08-19T20:05:36Z,PT2M25S,5636,72,38
360,Economics,2020-08-20 16:35:52.306963,America v China: why the trade war won&#39;t end soon | The Economist,ErwIlvQ_RVk,2019-11-14T17:15:07Z,PT9M18S,1421102,18651,2670
361,Economics,2020-08-20 16:35:52.306969,Coronavirus recovery will take US five years: Harvard economist,FWM2ZsF19CE,2020-05-12T12:23:34Z,PT4M5S,25549,381,174
362,Economics,2020-08-20 16:35:52.306975,Fisheries Economics &amp; Policy: Maximum Economic Yield,7DNhqtYf47E,2014-11-20T22:12:38Z,PT15M41S,88028,1067,8
363,Economics,2020-08-20 16:35:52.306981,Gita Gopinath - The Economic Aftermath of Coronavirus | The Daily Social Distancing Show,H_K3dMpdqpc,2020-04-08T13:02:43Z,PT6M18S,822977,13621,268
364,Economics,2020-08-20 16:35:52.306987,El-Erian: Economic Recovery Is Slowing,And_X0mqjeo,2020-08-14T14:33:10Z,PT3M46S,15206,217,8
365,Economics,2020-08-20 16:35:52.306993,Afghanistan: why the Taliban can&#39;t be defeated | The Economist,sEtYN70okug,2020-02-20T14:59:52Z,PT6M24S,657908,12332,799
366,Economics,2020-08-20 16:35:52.306999,How to stop plastic getting into the ocean | The Economist,D7EdgCxFZ8Q,2020-04-30T17:30:01Z,PT8M50S,605187,13639,375
367,Economics,2020-08-20 16:35:52.307006,The Looming Eviction Apocalypse Will Trigger A Total Economic Collapse !!,vHymRQl3Ef8,2020-08-03T14:53:37Z,PT14M40S,31787,1664,44
368,Economics,2020-08-20 16:35:52.307012,An Economic Hit Man Confesses and Calls to Action | John Perkins | TEDxTraverseCity,btF6nKHo2i0,2016-06-24T15:13:18Z,PT18M36S,543876,12620,491
369,Economics,2020-08-20 16:35:52.307018,China: facial recognition and state control | The Economist,lH2gMNrUuEY,2018-10-24T16:00:37Z,PT5M42S,440094,5751,739
370,Economics,2020-08-20 16:35:52.307024,Robert Reich: Dismantling the Rigged Economic System,-zfc4TTFHak,2020-06-11T18:47:32Z,PT56M11S,135556,3314,295
371,Economics,2020-08-20 16:35:52.307030,#1. Economics-Introduction of WBCHSE Class-11,wXE5t47uSus,2017-10-21T02:58:26Z,PT1M51S,3086,111,3
372,Economics,2020-08-20 16:35:52.307036,How can the Democrats beat Trump? | The Economist,fE5LQejXcyg,2020-02-27T17:29:13Z,PT12M59S,497796,8074,1366
373,Economics,2020-08-20 16:35:52.307042,Heated Debate On Capitalism with America‚Äôs Most Prominent Marxist Economist - Richard Wolff,wj-zFgxCUnY,2020-05-28T13:21:34Z,PT1H21M4S,326439,9427,585
374,Economics,2020-08-20 16:35:52.307048,"ECONOMIC HOPE FADES, MALL VACANCY RECORD, SMALL BUSINESS TSUNAMI, BILLIONAIRES WEALTH SOARS",mnC40BPYm5U,2020-05-26T17:34:54Z,PT12M15S,45471,2593,85
375,Economics,2020-08-20 16:35:52.307054,Coming Economic Collapse | 3 Things People of God Should Know ( Sermon ),E1upFZkdeZY,2020-05-22T22:00:06Z,PT46M5S,473679,7506,475
376,Economics,2020-08-20 16:35:52.307060,Jim Cramer: Business bailouts not enough to stop economic fallout of coronavirus,tLr7oDtxMYk,2020-03-23T23:15:09Z,PT6M13S,102045,883,108
377,Economics,2020-08-20 16:35:52.307066,Covid-19: Why is America‚Äôs death toll so high? | The Economist,HMLop-jR8cw,2020-04-21T18:00:04Z,PT9M58S,1785160,25138,3316
378,Economics,2020-08-20 16:35:52.307072,Live: Biden Delivers Remarks On 2020 Economic Plan | NBC News,JXg3dbftORw,2020-07-21T18:30:54Z,PT23M10S,114377,1788,655
379,Economics,2020-08-20 16:35:52.307078,How to help America&#39;s poor | The Economist,ImMxZaZcBts,2019-10-02T13:03:11Z,PT10M36S,100313,2032,119
380,Economics,2020-08-20 16:35:52.307084,Economic Update: Pandemic Capitalism: A View From Asia,N_GlRvWetXs,2020-08-03T11:59:22Z,PT29M36S,34538,1982,52
381,Economics,2020-08-20 16:35:52.307090,Border closure &#39;impacting communities and economic activities&#39;,bd1rNbV43oA,2020-08-20T08:37:23Z,PT5M4S,701,39,4
382,Economics,2020-08-20 16:35:52.307096,#12th Economics l Introduction to Micro and Macro Economics l Macro Economics l Part 4 l,3WpW--lIBqU,2020-05-27T07:26:50Z,PT13M30S,1004,59,2
383,Economics,2020-08-20 16:35:52.307102,How China became a superpower: 40 years of economic reform | DW News,1SBnK9XIlZE,2018-12-18T11:00:00Z,PT6M9S,434434,3648,367
384,Economics,2020-08-20 16:35:52.307108,How to treat covid-19 | The Economist,jDCnaN9PXBE,2020-04-10T15:00:30Z,PT7M3S,154927,2714,114
385,Economics,2020-08-20 16:35:52.307114,Warren at DNC: &quot;our economic system has been rigged to give bailouts to billionaires&quot;,YssAmrsoABM,2020-08-20T03:42:15Z,PT5M27S,1890,119,52
386,Economics,2020-08-20 16:35:52.307121,Investing in Racial Economic Equality,9fpwEmVZzcE,2020-07-20T19:24:59Z,PT32M14S,228265,-1,-1
387,Economics,2020-08-20 16:35:52.307127,Alert Expert Warns Of Economic Collapse Nightmare Scenario For The World,8TKX0Yed7to,2020-08-08T21:26:02Z,PT15M7S,53225,2515,69
388,Economics,2020-08-20 16:35:52.307133,Lebanon: A &#39;failed state&#39; amid a crippling economic crisis,0ENzwH3Gb0w,2020-07-18T11:35:03Z,PT5M12S,23751,297,45
389,Economics,2020-08-20 16:35:52.307139,China Pakistan Economic Corridor (CPEC) is a game-changer,CzIa48qf0LU,2020-08-18T02:00:00Z,PT10M4S,54785,1688,69
390,Economics,2020-08-20 16:35:52.307145,White House economist on why he expects a &#39;V-shaped&#39; recovery,WPZNzeCdBi0,2020-08-19T12:52:31Z,PT5M44S,2565,31,23
391,Economics,2020-08-20 16:35:52.307151,Economic Update: Europe&#39;s New Internationalist Left,7sFlOLpgl8E,2020-07-06T12:00:29Z,PT29M56S,43949,2735,44
392,Economics,2020-08-20 16:35:52.307157,Lec 01- What is Economics ? (Part 1)  | JUST CA Foundation | CA Mohnish Vora,VoISeDEZI1w,2020-07-09T14:45:12Z,PT49M31S,976,59,1
393,Economics,2020-08-20 16:35:52.307163,Economics of Rooftop Growing,Dj1K6AiiQpY,2020-06-29T16:36:52Z,PT3M24S,642,4,0
394,Economics,2020-08-20 16:35:52.307169,We can &#39;absolutely&#39; characterize this as a recession: Barclays Chief U.S. Economist,zMc5nIPzU-E,2020-05-25T13:00:34Z,PT7M30S,23595,212,10
395,Economics,2020-08-20 16:35:52.307174,THE HIDDEN TRUTH ABOUT ECONOMIC RECOVERY | WHAT NO ONE IS TELLING YOU,5N8L-0bG198,2020-08-19T22:34:13Z,PT9M50S,3830,280,16
396,Economics,2020-08-20 16:35:52.307180,"After Night One, DNC To Focus On Biden&#39;s Bio And Economics | Morning Joe | MSNBC",1VR8KVdMj9M,2020-08-18T17:01:56Z,PT12M10S,220789,2800,144
397,Economics,2020-08-20 16:35:52.307187,How long we can expect the U.S. economic catastrophe to endure,GGUAqvY1t9A,2020-07-30T22:34:19Z,PT8M11S,117891,1734,319
398,Economics,2020-08-20 16:35:52.307193,Economic Depression and Dictators: Crash Course European History #37,Ojo8-GhhQcA,2020-03-05T21:37:25Z,PT16M34S,527455,13543,468
399,Economics,2020-08-20 16:35:52.307199,What a Biden-Harris ticket could mean for markets and economic recovery,o2resXKakdc,2020-08-15T17:32:52Z,PT7M37S,8436,86,34
400,Economics,2020-08-20 16:35:53.962492,Plastic pollution: is it really that bad? | The Economist,qiXRTA0tYoI,2018-09-20T16:45:42Z,PT2M36S,81297,920,99
401,Economics,2020-08-20 16:35:53.962502,What Rich People Are Doing To Make Money Off This Economic Crisis? | Anthony Pompliano Explains,YVq_2Lm9HWY,2020-08-13T21:51:58Z,PT1H4M57S,49771,3743,50
402,Economics,2020-08-20 16:35:53.962504,Economic Update: Capitalisms Definition is NOT Innocent [Trailer],L2uU4XzIiJk,2020-08-18T17:20:26Z,PT1M,885,95,4
403,Economics,2020-08-20 16:35:53.962506,What Comes After The Deepest Economic Collapse Since The Great Depression,xQMiYKtCj80,2020-06-10T22:17:34Z,PT14M21S,35257,1458,67
404,Economics,2020-08-20 16:35:53.962508,What happens when we sleep? | The Economist,eTgNgGO_bLs,2019-01-30T17:31:56Z,PT2M45S,147799,3870,55
405,Economics,2020-08-20 16:35:53.962513,How scientists calculate climate change | The Economist,fSGorwtY-zM,2020-05-29T16:00:42Z,PT7M20S,63707,1739,77
406,Economics,2020-08-20 16:35:53.962515,This Is The Economic Collapse We Have Never Seen Before,6yZB27E-FeY,2020-04-24T16:15:56Z,PT12M9S,76940,3197,370
407,Economics,2020-08-20 16:35:53.962517,An Economist Looks at 90: Tom Sowell on Charter Schools and Their Enemies,9boQrCPwMws,2020-07-02T18:53:36Z,PT57M48S,480236,16875,328
408,Economics,2020-08-20 16:35:53.962519,"U.S. Moving Closer to Double-Dip Recession, Economist Swonk Warns",QINRDryRcqU,2020-08-11T12:48:33Z,PT5M3S,32754,442,28
409,Economics,2020-08-20 16:35:53.962521,What if women ruled the world? | The Economist,PS9hlNhyRZY,2019-03-07T17:30:12Z,PT5M9S,113108,2576,2700
410,Economics,2020-08-20 16:35:53.962522,What is the human cost to China&#39;s economic miracle? | Head to Head,yZs4PqKlph0,2019-03-15T12:57:48Z,PT49M13S,1708246,16889,2026
411,Economics,2020-08-20 16:35:53.962524,Infinity Economics - Trailer,eWLB2ZCF834,2018-02-27T17:10:54Z,PT40S,48763,-1,-1
412,Economics,2020-08-20 16:35:53.962526,El Estudiante Ausente -La nueva portada de The Economist,VfyylClrFAc,2020-08-19T21:21:35Z,PT12M6S,1124,145,1
413,Economics,2020-08-20 16:35:53.962528,America On The Brink Of Second Economic Collapse Even More Devastating Than The First,TCckdLjzsuo,2020-07-14T21:33:33Z,PT14M18S,45976,1987,98
414,Economics,2020-08-20 16:35:53.962530,Economics Chapter- 3: Part 1/3  : Production and Cost by Santosh K K,EJBEEKjLu7s,2020-08-19T03:30:13Z,PT38M5S,20325,-1,-1
415,Economics,2020-08-20 16:35:53.962531,Sweden pays human and economic price for not locking down,w_g95JG7e7I,2020-07-20T14:41:20Z,PT2M54S,697167,6479,811
416,Economics,2020-08-20 16:35:53.962533,Hong Kong protests: what&#39;s at stake for China? | The Economist,VfmR54giIJA,2019-08-14T18:41:21Z,PT8M52S,1362962,24548,5843
417,Economics,2020-08-20 16:35:53.962535,"Bitcoin Will Explode If..., Pumper Dumper, Economic Meltdown, Ripple Growing &amp; ETH 2.0 Is Difficult",uEkak6nFtz8,2020-08-18T10:37:41Z,PT37M50S,14998,1173,26
418,Economics,2020-08-20 16:35:53.962536,UK Economic Recession 2020 - Britain&#39;s economy shrank by record 20.4% in second quarter #UPSC #IAS,XvVwQpVgAeg,2020-08-15T09:39:38Z,PT8M45S,149983,7818,129
419,Economics,2020-08-20 16:35:53.962538,Bowing Out the Dollar - Online Economics Talk by Dr Tan Kee Wee #2,WoeAlRPlX5o,2020-07-31T02:00:09Z,PT49M42S,61018,626,73
420,Economics,2020-08-20 16:35:53.962540,The Economic Ramifications of Economic Shutdown | The Coronavirus and Public Policy,XeJJzRbdjzo,2020-04-24T21:58:35Z,PT1H2M13S,58088,986,39
421,Economics,2020-08-20 16:35:53.962542,COVID; Why the Economics of Healthcare Will Never Be the Same | Laura Glenn | TEDxTraverseCity,HRboT_SsxP8,2020-08-11T21:00:03Z,PT18M35S,53367,1018,90
422,Economics,2020-08-20 16:35:53.962543,IMF chief economist Gita Gopinath on cutting the global outlook,JpdCEwumZyg,2020-06-24T15:56:33Z,PT5M13S,62291,341,25
423,Economics,2020-08-20 16:35:53.962545,Is America right to fear Huawei? | The Economist,1ylleTbizgU,2019-11-12T18:01:19Z,PT9M58S,2068270,22124,2142
424,Economics,2020-08-20 16:35:53.962547,Look inside China‚Äôs secretive Olympic training camps | The Economist,8-OGKGmxSbw,2015-12-22T13:47:03Z,PT7M10S,4637192,29723,1563
425,Economics,2020-08-20 16:35:53.962549,Fantasy cartography: Redrawing the map of Europe | The Economist,xdReh4le7x0,2010-05-24T08:22:18Z,PT3M26S,2649497,20082,11663
426,Economics,2020-08-20 16:35:53.962550,"MicroMasters¬Æ Program in Data, Economics, and Development Policy",CQ9nNngHFGo,2019-08-01T13:42:16Z,PT3M5S,7510,15,0
427,Economics,2020-08-20 16:35:53.962552,UPSI 2020 || Economic || By Naveen Sir || Class 02 ||  GST &amp; TAX CONCEPTS TEST,sKBYrO3eaK8,2020-08-19T14:35:40Z,PT53M4S,8561,1036,12
428,Economics,2020-08-20 16:35:53.962554,The circular flow model (part 2 Basic Economics),oQ9QNMs_pac,2017-11-06T11:24:09Z,PT3M12S,1464,9,1
429,Economics,2020-08-20 16:35:53.962556,The deep ocean is the final frontier on planet Earth | The Economist,p0G68ORc8uQ,2017-03-23T12:03:53Z,PT14M49S,5029048,39636,3116
430,Economics,2020-08-20 16:35:53.962557,OIL PLUMMETS as Global Economic Collapse Intensifies! Entering Critical Time.,TidB5XBUAmw,2020-04-20T06:42:17Z,PT11M24S,74273,7258,68
431,Economics,2020-08-20 16:35:53.962559,How Cape Town became a murder capital | The Economist,9Gy1VuHtQFs,2020-04-17T17:59:46Z,PT10M49S,540172,7477,363
432,Economics,2020-08-20 16:35:53.962561,Climate change: the trouble with trees | The Economist,EXkbdELr4EQ,2019-09-18T19:00:54Z,PT9M45S,402107,11271,825
433,Economics,2020-08-20 16:35:53.962563,Why is vanilla so expensive? | The Economist,oguPMXcrOVY,2019-05-15T17:09:07Z,PT5M20S,1403780,21354,455
434,Economics,2020-08-20 16:35:53.962564,Economic Collapse: $14 Trillion Dollar Household Debt Will Devastate Americans Personal Finances,b35q-Ks2Qd4,2020-08-10T21:26:30Z,PT12M8S,35493,1767,35
435,Economics,2020-08-20 16:35:53.962566,Stock market recovery V-shaped but economic recovery is uncertain: UBS&#39;s Sherry Paul,gigDEbuwOzo,2020-08-19T20:24:39Z,PT1M33S,1602,21,4
436,Economics,2020-08-20 16:35:53.962568,Is Argentina heading toward economic crisis ‚Äì again? | CNBC Explains,b4P_yviHlbo,2019-11-01T22:00:04Z,PT6M44S,196908,3388,128
437,Economics,2020-08-20 16:35:53.962570,Economy In Lockdown: SBI Releases Report On Odisha&#39;s Economic Situation,9LzGsGLcpMM,2020-08-18T14:38:17Z,PT3M32S,10187,173,4
438,Economics,2020-08-20 16:35:53.962572,The Economist looks ahead to showdowns in 2020,smbUD-dsFMc,2019-12-06T18:37:13Z,PT6M18S,76008,347,48
439,Economics,2020-08-20 16:35:53.962574,Congress Goes On Vacation During An Economic Crisis!,ZAEe7epD51w,2020-08-15T22:45:08Z,PT12M57S,111674,9073,172
440,Economics,2020-08-20 16:35:53.962576,Ben Carson explains next steps to boost the economy,6h29MQqzXiU,2020-05-09T16:00:05Z,PT4M44S,2396132,44333,2348
441,Economics,2020-08-20 16:35:53.962577,N. Korea to unveil new 5-year economic development plan in Jan. 2021,VM5IPvhTr2o,2020-08-20T05:08:28Z,PT1M49S,1034,28,1
442,Economics,2020-08-20 16:35:53.962579,The U.S. economic crisis is even worse than it appears. Here&#39;s what government can do,m6O8EQJ35f4,2020-05-08T23:25:37Z,PT6M42S,214251,2142,255
443,Economics,2020-08-20 16:35:53.962581,The Worst Economic Collapse That America Has Never Seen Before: Be Prepared!,i_6IfWN1C2w,2020-03-28T18:39:45Z,PT11M,81414,2660,78
444,Economics,2020-08-20 16:35:53.962583,The best place to be a woman? | The Economist,l7fyqpHKARg,2018-12-19T17:00:06Z,PT6M11S,309675,6869,1408
445,Economics,2020-08-20 16:35:53.962584,Jim Rickards Warns Be Ready For Economic Collapse And Dont Believe The Happy Talk !!,8AIotLMRnig,2020-05-13T20:46:14Z,PT14M44S,75252,2628,100
446,Economics,2020-08-20 16:35:53.962586,DNA: PM Modi ‡§®‡•á 20 ‡§≤‡§æ‡§ñ ‡§ï‡§∞‡•ã‡§°‡§º ‡§ï‡•á Economic Package ‡§î‡§∞ lockdown 4 ‡§ï‡•Ä ‡§ò‡•ã‡§∑‡§£‡§æ ‡§ï‡•Ä | Sudhir Chaudhary |Today,GLSUdVWed0A,2020-05-12T17:12:47Z,PT12M59S,1326421,37746,2482
447,Economics,2020-08-20 16:35:53.962588,What Austrian Economics IS and What Austrian Economics Is NOT with Steve Horwitz,SLfnpwHu4Hw,2012-09-26T16:59:27Z,PT8M43S,128200,2715,94
448,Economics,2020-08-20 16:35:53.962590,Germany Is On The Verge Of Economic Collapse 2020 Euro CRASH !!,wQ2nIuomOb4,2020-03-02T22:51:50Z,PT10M50S,29709,1364,87
449,Economics,2020-08-20 16:35:53.962591,WION Global Summit: Decoding China | The great wall of debt &amp; Economic distancing | Session one,mE0z3DH64nQ,2020-07-22T14:07:20Z,PT42M11S,246856,4361,200
450,Economics,2020-08-20 16:35:55.517912,Economic Reconstruction - Nazism &amp; The Rise of Hitler | Class 9 History,QnIq9EK9RIU,2019-10-20T08:28:26Z,PT8M8S,18402,745,18
451,Economics,2020-08-20 16:35:55.517923,Democratic candidate Joe Biden speaks about his plan for economic recovery ‚Å†‚Äî 7/14/2020,mJUXUFGN2Ew,2020-07-14T18:28:17Z,PT22M9S,103170,1257,1699
452,Economics,2020-08-20 16:35:55.517926,Mortgage Delinquencies MASSIVE Record High as Bills Not Being Paid! Economic Meltdown,vWs0kNNHPB8,2020-08-19T03:40:48Z,PT12M14S,26664,3105,43
453,Economics,2020-08-20 16:35:55.517928,America v China: a new kind of cold war | The Economist,qcVBHQa88xQ,2019-05-29T18:22:24Z,PT2M45S,254786,3394,412
454,Economics,2020-08-20 16:35:55.517930,Ten Economic Principles (Rap),UmyFR1PhMOU,2011-12-08T06:58:02Z,PT2M34S,15088,94,6
455,Economics,2020-08-20 16:35:55.517933,Trump adviser dismisses idea of economic slowdown,mgPozpGVao0,2020-08-07T15:36:04Z,PT10M49S,220492,1828,275
456,Economics,2020-08-20 16:35:55.517935,MOST IMPORTANT TOPICS OF UGC NET ECONOMICS.,Gg99X2GbSNM,2018-08-14T13:28:58Z,PT14M59S,1335,-1,-1
457,Economics,2020-08-20 16:35:55.517936,Live: Joe Biden Delivers Remarks On His Economic Recovery Plan | NBC News,weYae-KEHjw,2020-07-14T18:29:35Z,PT21M17S,101869,1650,788
458,Economics,2020-08-20 16:35:55.517939,N.K. to unveil new 5-year economic plan next year after November&#39;s US presidential election,oS6jHo5je18,2020-08-20T10:00:21Z,PT56S,265,29,0
459,Economics,2020-08-20 16:35:55.517941,US economic crisis &#39;far from over&#39; despite 2.5 million jobs gained,EatHWY_F3lA,2020-06-06T13:55:30Z,PT3M2S,22502,144,18
460,Economics,2020-08-20 16:35:55.517943,Micro Economics - 1: Part 4/5  A Simple Economy || By Sadhana,kmFPY3N9aP4,2020-05-09T05:30:04Z,PT10M19S,41279,-1,-1
461,Economics,2020-08-20 16:35:55.517945,A Day in the Life: University of Cambridge Economics Student,v2b_kEoJ7YU,2020-08-17T18:30:08Z,PT14M54S,2230,95,2
462,Economics,2020-08-20 16:35:55.517955,Economic Load Dispatch Part 02 | Power System Live | Genique Education,rhLQ15YFjWY,2020-08-18T12:43:21Z,PT2H9M28S,5418,376,4
463,Economics,2020-08-20 16:35:55.517959,Biden‚Äôs Green Economic Overhaul,J8GcjRdXHPI,2020-08-19T08:45:02Z,PT1M49S,1571,16,36
464,Economics,2020-08-20 16:35:55.517962,Der perfide Plan des ‚ÄúWorld Economic Forum‚Äù 2020 | 16.08.2020 | www.kla.tv/17031,mynR5Rj7ANw,2020-08-16T17:47:05Z,PT7M59S,31802,3508,63
465,Economics,2020-08-20 16:35:55.517964,"IAS/PCS |UPPSC/ MPPSC/ BPSC/ RPSC/ WBPCS/JPSC | Economics | Monika Mam |17| BUFFER STOCK, PDS, FCI",0yJkvU46lPI,2020-08-19T03:06:04Z,PT1H6M41S,2104,375,6
466,Economics,2020-08-20 16:35:55.517967,Pakistan set to stage an economic rebound: Khaleej Times,G7CDH1iIOj4,2020-08-17T08:07:13Z,PT46S,9982,278,3
467,Economics,2020-08-20 16:35:55.517969,Elon Musk&#39;s hyperloop could revolutionise public transport | The Economist,lWo6LscqSGg,2017-09-20T15:00:47Z,PT5M10S,568629,4947,374
468,Economics,2020-08-20 16:35:55.517971,Economist Thomas Landstreet on Covid19 Vaccines &amp; Solutions,qu08pT_5iXI,2020-08-18T21:29:15Z,PT5M3S,4911,195,4
469,Economics,2020-08-20 16:35:55.517973,Economic Update: Capitalism&#39;s Definition is NOT Innocent,iCu459N3JuQ,2020-08-17T12:02:29Z,PT29M41S,25525,2160,21
470,Economics,2020-08-20 16:35:55.517975,Benefits Expired and Economist Already See A Drop In Spending,4xp9wzPAXA4,2020-08-20T03:59:50Z,PT10M36S,3267,360,3
471,Economics,2020-08-20 16:35:55.517978,We Asked Korea‚Äôs Top Economist When The Economy Will Recover After COVID-19 | STAY CURIOUS #25,-pt2idFtwFM,2020-06-18T01:30:00Z,PT31M42S,133495,5396,74
472,Economics,2020-08-20 16:35:55.517980,Greta Thunberg: Our House Is On Fire! | World Economic Forum 2019,M7dVF9xylaw,2019-01-25T10:30:32Z,PT6M4S,200358,3559,591
473,Economics,2020-08-20 16:35:55.517983,Wooden skyscrapers could be the future for cities | The Economist,2DPp2NcnTb0,2018-02-01T18:33:21Z,PT6M26S,878966,19529,2054
474,Economics,2020-08-20 16:35:55.517985,Japan begins the undoing of China‚Äôs economic might,A-352P0D7ug,2020-07-20T07:58:57Z,PT5M15S,1111854,28212,804
475,Economics,2020-08-20 16:35:55.517987,24 &amp; ready to die | The Economist,SWWkUzkfJ4M,2015-11-10T10:44:38Z,PT21M24S,1829926,20533,5026
476,Economics,2020-08-20 16:35:55.517991,Mark Cuban reacts to joining Trump&#39;s economic council,pK1mvEDkJDo,2020-04-15T17:15:00Z,PT7M15S,354877,5262,650
477,Economics,2020-08-20 16:35:55.517993,What will people wear in the future? | The Economist,uMOAbNfmEuo,2019-01-10T17:00:58Z,PT6M25S,125039,2132,80
478,Economics,2020-08-20 16:35:55.517996,FOMC: Uncertainty surrounding the economic outlook remains very elevated,J-m5xNtnG8c,2020-08-19T21:10:40Z,PT9M,2193,23,1
479,Economics,2020-08-20 16:35:55.517999,THIS ECONOMIC METRIC IS ABSOLUTELY TERRIFYING - AND BITCOIN WILL BE THE SOLUTION!!,gp_e8L8pLP8,2020-08-16T18:34:06Z,PT13M46S,15755,1983,35
480,Economics,2020-08-20 16:35:55.518001,Freeland takes on historic economic challenge because of pandemic,Yioa0eYkrnQ,2020-08-19T02:00:23Z,PT1M36S,2432,27,42
481,Economics,2020-08-20 16:35:55.518003,President Trump Delivers Economic Speech in Wisconsin,D__8LwhIG64,2020-08-17T22:16:51Z,PT55M6S,15152,1228,28
482,Economics,2020-08-20 16:35:55.518006,SA Finances | Government needs urgent economic recovery plan: Dawie Roodt,yYXkNGLMEvc,2020-08-18T08:49:39Z,PT15M44S,1939,43,2
483,Economics,2020-08-20 16:35:55.518008,Economic Collapse Has Begun! China Reports Catastrophic Data: PMI Crash To Record Low,j7IiVTN0e48,2020-03-04T17:53:05Z,PT10M2S,49904,1968,89
484,Economics,2020-08-20 16:35:55.518011,Welcome to University of International Business and Economics,Sqq5Jk6wQRw,2016-05-17T05:53:03Z,PT6M22S,2322,22,0
485,Economics,2020-08-20 16:35:55.518013,Chip wars: the other fight between China and America | The Economist,wZDIUwoHpGc,2018-12-11T18:11:10Z,PT3M37S,206533,1774,238
486,Economics,2020-08-20 16:35:55.518015,Bank Collapse Getting Worse! America Heading Towards An Economic Collapse !!,CJBOi7E79Hs,2020-03-18T18:40:51Z,PT10M26S,54801,2288,57
487,Economics,2020-08-20 16:35:55.518017,Kim Jong-un to announce N. Korea&#39;s 5-year economic development plan in January 2021,zf7wobeDlnk,2020-08-20T02:27:20Z,PT51S,420,12,2
488,Economics,2020-08-20 16:35:55.518020,"Earnings Calls, Economic Indicators, Innovation | ITK with Cathie Wood",9uzeN2NslAk,2020-08-07T21:02:25Z,PT32M35S,94680,4859,58
489,Economics,2020-08-20 16:35:55.518023,Introduction to Economics | Marginal Revolution University (MRU),g9uUIUqhrSQ,2015-01-04T12:50:38Z,PT3M32S,1215071,3508,529
490,Economics,2020-08-20 16:35:55.518026,Economic has hit bottom: Carlyle Group&#39;s David Rubenstein,6yT0WTlLhDM,2020-06-12T11:59:46Z,PT5M18S,35606,236,77
491,Economics,2020-08-20 16:35:55.518029,"Job Losses, Bankruptcies And Store Closings Are At Apocalyptic Levels As Economic Collapse Rolls On",aapNHXGkRhc,2020-07-10T18:34:48Z,PT14M38S,65020,2252,83
492,Economics,2020-08-20 16:35:55.518032,Doping in sport: why it can&#39;t be stopped | The Economist,z466itSHE58,2019-10-25T20:13:05Z,PT12M6S,85674,1676,54
493,Economics,2020-08-20 16:35:55.518035,BEWARE ECONOMIC FOOD CHAIN - ECONOMIC COLLAPSE UNAVOIDABLE - AMERICANS NEED STIMULUS MONEY NOW,CIJ41AtnOJo,2020-08-16T00:57:46Z,PT14M24S,50660,3327,62
494,Economics,2020-08-20 16:35:55.518038,Kim Jong-un to announce N. Korea&#39;s 5-year economic development plan in January 2021,-dSaT22JEBo,2020-08-20T00:09:59Z,PT48S,587,13,2
495,Economics,2020-08-20 16:35:55.518041,JPMorgan Chase CEO Jamie Dimon Discusses Economic Impact Of Virus With Stephanie Ruhle | MSNBC,FHJr4sd7czg,2020-08-11T16:08:37Z,PT8M40S,33057,401,125
496,Economics,2020-08-20 16:35:55.518044,How Joe Biden&#39;s tax plan could impact economic growth and markets,15rALpZ4lQk,2020-08-18T16:23:51Z,PT6M57S,2751,28,21
497,Economics,2020-08-20 16:35:55.518047,PURAS PANDEJADAS ! Rechazan CONDUCTORES en clases de TV y The Economist es POP√ì !,oP7phboZZ_Q,2020-08-15T18:01:40Z,PT10M42S,31899,5729,34
498,Economics,2020-08-20 16:35:55.518049,How China is crushing the Uighurs | The Economist,GRBcP5BrffI,2019-07-09T19:06:27Z,PT8M45S,1369485,16913,3016
499,Economics,2020-08-20 16:35:55.518053,Economy in transition - Georgieva - Economics of Climate Change,HzK2FWiXn4E,2019-01-25T10:45:26Z,PT40S,2413,4,0
500,Economics,2020-08-20 16:35:57.554453,How India is dealing with China&#39;s economic threat. Checkmate China,g_aidFSCduw,2020-08-09T05:00:05Z,PT13M27S,172678,5483,430
501,Economics,2020-08-20 16:35:57.554465,cbse exam paper 12th pre board economics paper (2018-2019),wuW0Rwzg__4,2019-01-04T09:04:14Z,PT5M43S,3107,55,2
502,Economics,2020-08-20 16:35:57.554467,ECONOMICS CLASS XII CHAPTER WISE MARKS DISTRIBUTION || CBSE  || SESSION 2017 -18,-TzfcgqfH9E,2018-01-05T09:15:45Z,PT1M35S,3751,33,9
503,Economics,2020-08-20 16:35:57.554469,Summers Expects Significant Acceleration in Economic Growth Under Biden-Harris,oBjDkR9hNBQ,2020-08-15T01:56:02Z,PT6M45S,13268,163,137
504,Economics,2020-08-20 16:35:57.554472,LECTURE-5 (12TH CLASS) || SIGNIFICANCE OF MACRO ECONOMICS || CHAPTER-1 MACRO ECONOMICS || MUST WATCH,mELNezGmtIk,2020-05-09T15:50:05Z,PT22M,1142,67,0
505,Economics,2020-08-20 16:35:57.554474,Why Beirut&#39;s Explosion Could Worsen Lebanon&#39;s Economic Crisis,buDTN9Ijrqk,2020-08-06T00:44:07Z,PT4M15S,29478,659,24
506,Economics,2020-08-20 16:35:57.554476,Economics Utility and Demand 1,0KmDDCnWl_4,2012-01-05T20:55:34Z,PT7M59S,11587,39,2
507,Economics,2020-08-20 16:35:57.554478,How noise pollution threatens ocean life | The Economist,0f6xWoYfGj0,2020-03-27T14:59:49Z,PT10M2S,234137,3383,202
508,Economics,2020-08-20 16:35:57.554481,Fareed: Biden&#39;s economic plan much better than Trump&#39;s approach,S0HW0ayBiNY,2020-07-19T15:38:23Z,PT5M2S,328220,5275,1231
509,Economics,2020-08-20 16:35:57.554483,IRS Economic Stimulus Rebates Are Now Being Processed!,qVrrVGYA5bk,2020-04-13T16:33:39Z,PT2M52S,2525491,55662,2000
510,Economics,2020-08-20 16:35:57.554485,How Portugal and Colorado solved their drug problems | The Economist,Y7LKfLxVtzE,2015-06-11T23:12:24Z,PT15M12S,485928,5983,96
511,Economics,2020-08-20 16:35:57.554487,Economic impact of Trump&#39;s executive orders on unemployment benefits remain unclear,GKKdrK5eV6I,2020-08-10T12:32:09Z,PT2M19S,46998,295,84
512,Economics,2020-08-20 16:35:57.554489,Day 6 ‚òÆÔ∏è  Peace For Economic Sufficiency | Ekam World Peace Festival (Evening),h_Q0MP1502Q,2020-08-14T13:59:25Z,PT1H32M43S,9247,350,4
513,Economics,2020-08-20 16:35:57.554491,UGC NET ECONOMICS | DOWNLOAD BEST BOOK | FREE OF COST,8JqCnomC1w8,2020-05-24T09:53:16Z,PT4M42S,412,19,0
514,Economics,2020-08-20 16:35:57.554493,"Elected politicians &#39;should balance priorities of freedom, health and economic growth&#39;",DwkKMU9ULKI,2020-08-18T14:31:02Z,PT5M7S,2202,100,10
515,Economics,2020-08-20 16:35:57.554495,Andrew Yang: Economic uncertainty is a &#39;crisis on top of another crisis&#39;,W3ehK9At31o,2020-07-26T01:31:42Z,PT6M30S,242571,4504,337
516,Economics,2020-08-20 16:35:57.554497,Thomas Sowell on the Origins of Economic Disparities,LdHEbOAQFmY,2019-05-17T15:34:13Z,PT46M33S,362361,8784,201
517,Economics,2020-08-20 16:35:57.554500,Israel-UAE Deal Opens Door to Economic Opportunities,H_Z5r9kUCLo,2020-08-19T05:43:17Z,PT3M39S,1361,38,0
518,Economics,2020-08-20 16:35:57.554502,Sen. Warren endorses Biden&#39;s economic plan,NWIxRY-Bb_0,2020-08-20T03:35:20Z,PT1M43S,706,19,35
519,Economics,2020-08-20 16:35:57.554504,El Salvador&#39;s violent gang members are finding God in prison | The Economist,7deancj6lzw,2018-05-22T17:05:37Z,PT9M42S,188502,3252,93
520,Economics,2020-08-20 16:35:57.554506,Beirut Was in a Huge Economic Crisis ‚Äî Then the Explosion Hit,1SClOIP9K8w,2020-08-06T19:10:04Z,PT2M49S,244743,4645,95
521,Economics,2020-08-20 16:35:57.554508,UPSC CSE Prelims: Economics Terminology-2 | PYQs | UPSC CSE/IAS 2020 Hindi | Sunil Singh,jj_hWo56SYk,2020-08-07T15:01:36Z,PT56M6S,12554,1647,8
522,Economics,2020-08-20 16:35:57.554511,CA/CMA FOUNDATION-ECONOMICS LEC 5,A4aTd3PSl9A,2020-05-15T07:21:00Z,PT40M35S,472,45,0
523,Economics,2020-08-20 16:35:57.554513,"PM‚Äôs Economic Advisor Says Economy May Shrink 5-7%, Massive Infrastructure Push Needed",4dx0Yi-R8fc,2020-08-13T14:01:49Z,PT44M36S,21693,521,19
524,Economics,2020-08-20 16:35:57.554515,South China Sea: Beijing extends its military and economic reach | Counting the Cost,e5W0DQ8S76A,2020-07-11T14:23:57Z,PT26M1S,355205,2014,454
525,Economics,2020-08-20 16:35:57.554518,Wild Year - &quot;The Economics of Emotional Labor&quot; (Official Music Video),b2XhvjqOMNg,2018-07-06T11:03:34Z,PT3M48S,4874,27,1
526,Economics,2020-08-20 16:35:57.554523,FEDERAL RESERVE WARNING ON ECONOMIC COLLAPSE - UNREST IN THE USA - MONSOON FLOODING FOOD SHORTAGE,9kJQ75VKOuQ,2020-08-14T13:15:00Z,PT9M3S,13506,1310,47
527,Economics,2020-08-20 16:35:57.554527,Ominous Clouds Forming in China&#39;s Economic Data (w/ Leland Miller),Qc3ZFuUHXsU,2019-11-17T00:45:01Z,PT26M38S,582077,9856,585
528,Economics,2020-08-20 16:35:57.554530,President Trump on Joe Biden&#39;s disastrous economic record,dmelXmChYd8,2020-08-17T22:23:27Z,PT1M7S,3453,433,28
529,Economics,2020-08-20 16:35:57.554532,"America Ready For Full Societal Breakdown, Economic Collapse And Starvation !!",4RaeTNg28XQ,2020-06-01T18:26:39Z,PT13M7S,63849,2071,98
530,Economics,2020-08-20 16:35:57.554534,Some People Still Haven&#39;t Received Economic Relief Checks | NBC10 Philadelphia,3pqutMREXqU,2020-08-18T14:11:23Z,PT2M27S,644,4,0
531,Economics,2020-08-20 16:35:57.554537,Japan suffers worst economic plunge in 40 years,Smv6N318U5Y,2020-08-18T07:35:08Z,PT1M38S,1389,22,0
532,Economics,2020-08-20 16:35:57.554539,Class 11th Economics project Demographic structure of neighbourhood üòä,1lEjomj38hA,2018-11-18T17:13:42Z,PT4M33S,9510,101,12
533,Economics,2020-08-20 16:35:57.554541,Monthly Economic Outlook ‚Äî August 2020,vK34nwtxpww,2020-08-19T22:22:44Z,PT6M7S,120,0,0
534,Economics,2020-08-20 16:35:57.554543,Are lab-grown diamonds the future? | The Economist,s1h4gze_ktk,2019-03-19T17:29:01Z,PT5M45S,346566,3808,241
535,Economics,2020-08-20 16:35:57.554545,"Greatest Economic Recovery in AMERICAN HISTORY(z) | WHD | Aug 19, 2020",Tv5vPK3gHX0,2020-08-19T13:10:44Z,PT13M42S,1301,255,5
536,Economics,2020-08-20 16:35:57.554548,A history of the Kashmir conflict | The Economist,8rmUiLwy7kI,2009-11-17T12:01:40Z,PT2M39S,2800184,13601,2347
537,Economics,2020-08-20 16:35:57.554550,Why gold and silver are up today: Chief economist,M0klp-XDjyE,2020-07-27T20:18:41Z,PT2M37S,28645,294,13
538,Economics,2020-08-20 16:35:57.554553,CLASS 12 LATEST CBSE ECONOMICS PROJECT 2017 ON GST....,WF0XYFOVhss,2017-06-07T17:07:40Z,PT3M59S,42955,254,15
539,Economics,2020-08-20 16:35:57.554555,Rating Modi Govt&#39;s Economic Performance: People&#39;s Faith In Govt Policies Intact | Mood Of The Nation,qj_xCzogMMI,2020-08-08T02:00:05Z,PT14M11S,34857,308,114
540,Economics,2020-08-20 16:35:57.554557,HSC ECONOMICS 1ST PAPER,WW7-rJOk6hQ,2016-09-08T03:58:23Z,PT4M7S,11624,81,3
541,Economics,2020-08-20 16:35:57.554560,President Trump Signs Executive Orders For Coronavirus Economic Relief | NBC News,87lrxtJX8XE,2020-08-09T00:02:38Z,PT5M9S,65761,478,146
542,Economics,2020-08-20 16:35:57.554562,Watch live: Trump holds news conference after signing economic aid measures over the weekend,0kD1lMdoipU,2020-08-10T22:57:20Z,PT1H1M32S,182564,1513,1072
543,Economics,2020-08-20 16:35:57.554563,What will be the biggest stories of 2019? | Part One | The Economist,3yTSyARcfjI,2018-12-27T17:08:01Z,PT11M25S,1422703,14977,1473
544,Economics,2020-08-20 16:35:57.554566,The World Economic Forum plan to RESET economy away from capitalism after COVID-19,xcLAANtlgkE,2020-07-28T17:00:12Z,PT10M8S,54851,4530,45
545,Economics,2020-08-20 16:35:57.554568,Patrick Bet-David Blasts Socialist Economist,BMRUd5nWUd8,2020-05-27T23:35:12Z,PT5M45S,64375,2780,424
546,Economics,2020-08-20 16:35:57.554569,"President Tsai Ing-wen Discusses the Diplomatic, Security, and Economic Challenges Facing Taiwan",ZTl1ufaEvTM,2020-08-12T13:00:10Z,PT59M15S,13309,415,6
547,Economics,2020-08-20 16:35:57.554572,Meet The Team | Mathematical Economics | MOOC on SWAYAM,7BM5qB3OLP0,2020-05-23T11:56:34Z,PT3M9S,633,27,0
548,Economics,2020-08-20 16:35:57.554573,May jobs report could signal the worst is behind us: Economist,m6odszSGaIs,2020-06-05T11:23:23Z,PT4M46S,9530,63,24
549,Economics,2020-08-20 16:35:57.554576,Geoeconomics of China-Pakistan Economic Corridor,p3P3phdEibY,2019-01-11T06:14:34Z,PT10M39S,403584,9072,511
